url,listing_id,category,subcategory,brand,title,price,original_price,has_discount,condition,color,size,description_text,description_length,description_word_count,photo_count,like_count,comment_count,shipping_info,shipping_buyer_pays,seller_username,seller_listing_count,is_sold,scraped_at,cohort_id,category_scraped,brand_clean,size_extracted,size_final,condition_clean,condition_ordinal,desc_is_placeholder,has_flaw_mention,desc_has_urgency,brand_tier,brand_tier_name,price_to_cat_median,discount_pct,sale_score,proxy_sold
https://dolap.com/urun/penti-bej-korse-yeni-etiketli-efnanindolabiii-445924254,445924254,kazak,,Penti - XL / 42,Penti Bej Korse Yeni & Etiketli Online Satın Al,249.0,,False,Yeni ve Etiketli,Bej,,Penti Bej Korse Yeni & Etiketli Online Satın Al,47,9,5,0,0,Alıcı Ödemeli Kargo,True,efnanindolabiii,12,False,2026-03-08T14:52:59.520433,20250712,kazak,Penti,XL / 42,XL / 42,Yeni & Etiketli,3,True,False,False,1,Economy,1.0,0.0,1,0
https://dolap.com/urun/mango-kahverengi-kazak-yeni-etiketli-efnanindolabiii-445725941,445725941,kazak,,Mango - S / 36 Beden,Mango Kahverengi Kazak Yeni & Etiketli Online Satın Al,249.0,,False,Yeni ve Etiketli,Kahverengi,PAYLA,Mango Kahverengi Kazak Yeni & Etiketli Online Satın Al,54,9,9,10,0,Alıcı Ödemeli Kargo,True,efnanindolabiii,12,False,2026-03-08T14:53:09.134725,20250712,kazak,Mango,S / 36 Beden,PAYLA,Yeni & Etiketli,3,True,False,False,2,Mid-Range,1.0,0.0,2,1
https://dolap.com/urun/pull-bear-mavi-jeans-yeni-etiketli-efnanindolabiii-445832981,445832981,kazak,,Pull & Bear - M / 38 Beden,Pull & Bear Mavi Jeans Yeni & Etiketli Online Satın Al,249.0,,False,Yeni ve Etiketli,Mavi,PAYLA,Pull & Bear Mavi Jeans Yeni & Etiketli Online Satın Al,54,11,3,4,0,Alıcı Ödemeli Kargo,True,efnanindolabiii,12,False,2026-03-08T14:53:17.029924,20250712,kazak,Pull & Bear,M / 38 Beden,PAYLA,Yeni & Etiketli,3,True,False,False,4,Luxury,1.0,0.0,1,0
https://dolap.com/urun/zara-siyah-bluz-yeni-etiketli-efnanindolabiii-445898835,445898835,kazak,,Zara - S / 36 Beden,Zara Siyah Bluz Yeni & Etiketli Online Satın Al,50.0,121.0,True,Yeni ve Etiketli,Siyah,PAYLA,Zara Siyah Bluz Yeni & Etiketli Online Satın Al,47,9,2,0,0,Alıcı Ödemeli Kargo,True,efnanindolabiii,12,False,2026-03-08T14:53:20.572951,20250712,kazak,Zara,S / 36 Beden,PAYLA,Yeni & Etiketli,3,True,False,False,2,Mid-Range,0.201,58.7,1,0
https://dolap.com/urun/koton-sari-bluz-yeni-etiketli-efnanindolabiii-445827500,445827500,kazak,,Koton - S / 36 Beden,Koton Sarı Bluz Yeni & Etiketli Online Satın Al,180.0,,False,Yeni ve Etiketli,Sarı,PAYLA,Koton Sarı Bluz Yeni & Etiketli Online Satın Al,47,9,8,0,0,Alıcı Ödemeli Kargo,True,efnanindolabiii,12,False,2026-03-08T14:53:26.069282,20250712,kazak,Koton,S / 36 Beden,PAYLA,Yeni & Etiketli,3,True,False,False,0,Budget,0.723,0.0,1,0
https://dolap.com/urun/koton-bej-t-shirt-yeni-etiketli-efnanindolabiii-445824583,445824583,kazak,,Koton - L / 40 Beden,Koton Bej T-Shirt Yeni & Etiketli Online Satın Al,150.0,,False,Yeni ve Etiketli,Bej,PAYLA,Koton Bej T-Shirt Yeni & Etiketli Online Satın Al,49,9,9,1,0,Alıcı Ödemeli Kargo,True,efnanindolabiii,12,False,2026-03-08T14:53:32.212995,20250712,kazak,Koton,L / 40 Beden,PAYLA,Yeni & Etiketli,3,True,False,False,0,Budget,0.602,0.0,1,0
https://dolap.com/urun/koton-mavi-t-shirt-yeni-etiketli-efnanindolabiii-445834497,445834497,kazak,,Koton - L / 40 Beden,Koton Mavi T-Shirt Yeni & Etiketli Online Satın Al,150.0,,False,Yeni ve Etiketli,Mavi,PAYLA,Koton Mavi T-Shirt Yeni & Etiketli Online Satın Al,50,9,4,0,0,Alıcı Ödemeli Kargo,True,efnanindolabiii,12,False,2026-03-08T14:53:37.017200,20250712,kazak,Koton,L / 40 Beden,PAYLA,Yeni & Etiketli,3,True,False,False,0,Budget,0.602,0.0,1,0
https://dolap.com/urun/koton-siyah-bluz-yeni-etiketli-efnanindolabiii-445834608,445834608,kazak,,Koton - M / 38 Beden,Koton Siyah Bluz Yeni & Etiketli Online Satın Al,249.0,,False,Yeni ve Etiketli,Siyah,PAYLA,Koton Siyah Bluz Yeni & Etiketli Online Satın Al,48,9,8,7,0,Alıcı Ödemeli Kargo,True,efnanindolabiii,12,False,2026-03-08T14:53:41.616431,20250712,kazak,Koton,M / 38 Beden,PAYLA,Yeni & Etiketli,3,True,False,False,0,Budget,1.0,0.0,1,0
https://dolap.com/urun/zara-siyah-jeans-yeni-etiketli-efnanindolabiii-445834088,445834088,kazak,,Zara - S / 36 Beden,Zara Siyah Jeans Yeni & Etiketli Online Satın Al,249.0,,False,Yeni ve Etiketli,Siyah,PAYLA,Zara Siyah Jeans Yeni & Etiketli Online Satın Al,48,9,4,1,0,Alıcı Ödemeli Kargo,True,efnanindolabiii,12,False,2026-03-08T14:53:49.691683,20250712,kazak,Zara,S / 36 Beden,PAYLA,Yeni & Etiketli,3,True,False,False,2,Mid-Range,1.0,0.0,1,0
https://dolap.com/urun/colin-s-cizgili-kazak-yeni-etiketli-efnanindolabiii-445833793,445833793,kazak,,Colin's - S / 36 Beden,Colin's Çizgili Kazak Yeni & Etiketli Online Satın Al,249.0,,False,Yeni ve Etiketli,Çizgili,PAYLA,Colin's Çizgili Kazak Yeni & Etiketli Online Satın Al,53,9,4,5,0,Alıcı Ödemeli Kargo,True,efnanindolabiii,12,False,2026-03-08T14:54:03.722062,20250712,kazak,Colin's,S / 36 Beden,PAYLA,Yeni & Etiketli,3,True,False,False,1,Economy,1.0,0.0,1,0
https://dolap.com/urun/h-m-cicek-desenli-t-shirt-yeni-etiketli-efnanindolabiii-445833828,445833828,kazak,,H&M - S / 36 Beden,H&M Çiçek Desenli T-Shirt Yeni & Etiketli Online Satın Al,249.0,,False,Yeni ve Etiketli,Çiçek Desenli,PAYLA,H&M Çiçek Desenli T-Shirt Yeni & Etiketli Online Satın Al,57,10,4,1,0,Alıcı Ödemeli Kargo,True,efnanindolabiii,12,False,2026-03-08T14:54:11.343708,20250712,kazak,H&M,S / 36 Beden,PAYLA,Yeni & Etiketli,3,True,False,False,1,Economy,1.0,0.0,1,0
https://dolap.com/urun/stradivarius-pembe-t-shirt-yeni-etiketli-efnanindolabiii-445833608,445833608,kazak,,Stradivarius - M / 38 Beden,Stradivarius Pembe T-Shirt Yeni & Etiketli Online Satın Al,249.0,,False,Yeni ve Etiketli,Pembe,PAYLA,Stradivarius Pembe T-Shirt Yeni & Etiketli Online Satın Al,58,9,4,2,0,Alıcı Ödemeli Kargo,True,efnanindolabiii,12,False,2026-03-08T14:54:19.322299,20250712,kazak,Stradivarius,M / 38 Beden,PAYLA,Yeni & Etiketli,3,True,False,False,3,Premium,1.0,0.0,1,0
https://dolap.com/urun/mavi-jeans-gri-t-shirt-yeni-etiketli-efnanindolabiii-445833415,445833415,kazak,,Mavi Jeans - S / 36 Beden,Mavi Jeans Gri T-Shirt Yeni & Etiketli Online Satın Al,249.0,,False,Yeni ve Etiketli,Gri,PAYLA,Mavi Jeans Gri T-Shirt Yeni & Etiketli Online Satın Al,54,10,5,3,0,Alıcı Ödemeli Kargo,True,efnanindolabiii,12,False,2026-03-08T14:54:24.581094,20250712,kazak,Mavi Jeans,S / 36 Beden,PAYLA,Yeni & Etiketli,3,True,False,False,1,Economy,1.0,0.0,1,0
https://dolap.com/urun/h-m-mavi-jeans-yeni-etiketli-efnanindolabiii-445832624,445832624,kazak,,H&M - M / 38 Beden,H&M Mavi Jeans Yeni & Etiketli Online Satın Al,249.0,,False,Yeni ve Etiketli,Mavi,PAYLA,H&M Mavi Jeans Yeni & Etiketli Online Satın Al,46,9,7,20,0,Alıcı Ödemeli Kargo,True,efnanindolabiii,12,False,2026-03-08T14:54:30.255631,20250712,kazak,H&M,M / 38 Beden,PAYLA,Yeni & Etiketli,3,True,False,False,1,Economy,1.0,0.0,2,1
https://dolap.com/urun/topshop-mavi-jeans-yeni-etiketli-efnanindolabiii-445831367,445831367,kazak,,Topshop - 30 Beden,Topshop Mavi Jeans Yeni & Etiketli Online Satın Al,249.0,,False,Yeni ve Etiketli,Mavi,PAYLA,Topshop Mavi Jeans Yeni & Etiketli Online Satın Al,50,9,6,3,0,Alıcı Ödemeli Kargo,True,efnanindolabiii,12,False,2026-03-08T14:54:34.554645,20250712,kazak,Topshop,30 Beden,PAYLA,Yeni & Etiketli,3,True,False,False,2,Mid-Range,1.0,0.0,1,0
https://dolap.com/urun/colin-s-cok-renkli-gomlek-yeni-etiketli-efnanindolabiii-445830928,445830928,kazak,,Colin's - S / 36 Beden,Colin's Çok Renkli Gömlek Yeni & Etiketli Online Satın Al,249.0,,False,Yeni ve Etiketli,Çok Renkli,PAYLA,Colin's Çok Renkli Gömlek Yeni & Etiketli Online Satın Al,57,10,3,3,0,Alıcı Ödemeli Kargo,True,efnanindolabiii,12,False,2026-03-08T14:54:39.126499,20250712,kazak,Colin's,S / 36 Beden,PAYLA,Yeni & Etiketli,3,True,False,False,1,Economy,1.0,0.0,1,0
https://dolap.com/urun/koton-mavi-jeans-yeni-efnanindolabiii-445830685,445830685,kazak,,Koton - 29 Beden,Koton Mavi Jeans Yeni Online Satın Al,150.0,,False,Yeni,Mavi,PAYLA,Koton Mavi Jeans Yeni Online Satın Al,37,7,5,1,0,Alıcı Ödemeli Kargo,True,efnanindolabiii,12,False,2026-03-08T14:54:43.103488,20250712,kazak,Koton,29 Beden,PAYLA,Yeni,2,True,False,False,0,Budget,0.602,0.0,1,0
https://dolap.com/urun/bershka-siyah-jeans-yeni-etiketli-efnanindolabiii-445830224,445830224,kazak,,Bershka - M / 38 Beden,Bershka Siyah Jeans Yeni & Etiketli Online Satın Al,249.0,,False,Yeni ve Etiketli,Siyah,PAYLA,Bershka Siyah Jeans Yeni & Etiketli Online Satın Al,51,9,5,7,0,Alıcı Ödemeli Kargo,True,efnanindolabiii,12,False,2026-03-08T14:54:48.016793,20250712,kazak,Bershka,M / 38 Beden,PAYLA,Yeni & Etiketli,3,True,False,False,3,Premium,1.0,0.0,1,0
https://dolap.com/urun/h-m-siyah-kemer-yeni-etiketli-efnanindolabiii-445829728,445829728,kazak,,H&M,H&M Siyah Kemer Yeni & Etiketli Online Satın Al,249.0,,False,Yeni ve Etiketli,Siyah,,H&M Siyah Kemer Yeni & Etiketli Online Satın Al,47,9,4,0,0,Alıcı Ödemeli Kargo,True,efnanindolabiii,12,False,2026-03-08T14:54:52.607210,20250712,kazak,H&M,,,Yeni & Etiketli,3,True,False,False,1,Economy,1.0,0.0,1,0
https://dolap.com/urun/koton-yesil-bluz-yeni-etiketli-efnanindolabiii-445827475,445827475,kazak,,Koton - S / 36 Beden,Koton Yeşil Bluz Yeni & Etiketli Online Satın Al,150.0,,False,Yeni ve Etiketli,Yeşil,PAYLA,Koton Yeşil Bluz Yeni & Etiketli Online Satın Al,48,9,4,0,0,Alıcı Ödemeli Kargo,True,efnanindolabiii,12,False,2026-03-08T14:54:59.031793,20250712,kazak,Koton,S / 36 Beden,PAYLA,Yeni & Etiketli,3,True,False,False,0,Budget,0.602,0.0,1,0
https://dolap.com/urun/zara-pembe-bluz-yeni-etiketli-efnanindolabiii-445826928,445826928,kazak,,Zara - S / 36 Beden,Zara Pembe Bluz Yeni & Etiketli Online Satın Al,249.0,,False,Yeni ve Etiketli,Pembe,PAYLA,Zara Pembe Bluz Yeni & Etiketli Online Satın Al,47,9,3,0,0,Alıcı Ödemeli Kargo,True,efnanindolabiii,12,False,2026-03-08T14:55:03.788571,20250712,kazak,Zara,S / 36 Beden,PAYLA,Yeni & Etiketli,3,True,False,False,2,Mid-Range,1.0,0.0,1,0
https://dolap.com/urun/koton-cicek-desenli-bluz-yeni-etiketli-efnanindolabiii-445826634,445826634,kazak,,Koton - M / 38 Beden,Koton Çiçek Desenli Bluz Yeni & Etiketli Online Satın Al,150.0,,False,Yeni ve Etiketli,Çiçek Desenli,PAYLA,Koton Çiçek Desenli Bluz Yeni & Etiketli Online Satın Al,56,10,4,1,0,Alıcı Ödemeli Kargo,True,efnanindolabiii,12,False,2026-03-08T14:55:08.718800,20250712,kazak,Koton,M / 38 Beden,PAYLA,Yeni & Etiketli,3,True,False,False,0,Budget,0.602,0.0,1,0
https://dolap.com/urun/koton-cok-renkli-bluz-yeni-etiketli-efnanindolabiii-445826348,445826348,kazak,,Koton - S / 36 Beden,Koton Çok Renkli Bluz Yeni & Etiketli Online Satın Al,150.0,,False,Yeni ve Etiketli,Çok Renkli,PAYLA,Koton Çok Renkli Bluz Yeni & Etiketli Online Satın Al,53,10,5,0,0,Alıcı Ödemeli Kargo,True,efnanindolabiii,12,False,2026-03-08T14:55:11.476118,20250712,kazak,Koton,S / 36 Beden,PAYLA,Yeni & Etiketli,3,True,False,False,0,Budget,0.602,0.0,1,0
https://dolap.com/urun/koton-desenli-bluz-yeni-etiketli-efnanindolabiii-445825146,445825146,kazak,,Koton - M / 38 Beden,Koton Desenli Bluz Yeni & Etiketli Online Satın Al,150.0,,False,Yeni ve Etiketli,Desenli,PAYLA,Koton Desenli Bluz Yeni & Etiketli Online Satın Al,50,9,8,1,0,Alıcı Ödemeli Kargo,True,efnanindolabiii,12,False,2026-03-08T14:55:16.045776,20250712,kazak,Koton,M / 38 Beden,PAYLA,Yeni & Etiketli,3,True,False,False,0,Budget,0.602,0.0,1,0
https://dolap.com/urun/lc-waikiki-cicek-desenli-gomlek-yeni-etiketli-efnanindolabiii-445825309,445825309,kazak,,LC Waikiki - S / 36 Beden,LC Waikiki Çiçek Desenli Gömlek Yeni & Etiketli Online Satın Al,150.0,,False,Yeni ve Etiketli,Çiçek Desenli,PAYLA,LC Waikiki Çiçek Desenli Gömlek Yeni & Etiketli Online Satın Al,63,11,4,0,0,Alıcı Ödemeli Kargo,True,efnanindolabiii,12,False,2026-03-08T14:55:21.554935,20250712,kazak,LC Waikiki,S / 36 Beden,PAYLA,Yeni & Etiketli,3,True,False,False,0,Budget,0.602,0.0,1,0
https://dolap.com/urun/mango-cok-renkli-gomlek-yeni-etiketli-efnanindolabiii-445825021,445825021,kazak,,Mango - S / 36 Beden,Mango Çok Renkli Gömlek Yeni & Etiketli Online Satın Al,150.0,,False,Yeni ve Etiketli,Çok Renkli,PAYLA,Mango Çok Renkli Gömlek Yeni & Etiketli Online Satın Al,55,10,4,0,0,Alıcı Ödemeli Kargo,True,efnanindolabiii,12,False,2026-03-08T14:55:25.875973,20250712,kazak,Mango,S / 36 Beden,PAYLA,Yeni & Etiketli,3,True,False,False,2,Mid-Range,0.602,0.0,1,0
https://dolap.com/urun/stradivarius-bej-gomlek-yeni-etiketli-efnanindolabiii-445824064,445824064,kazak,,Stradivarius - S / 36 Beden,Stradivarius Bej Gömlek Yeni & Etiketli Online Satın Al,249.0,,False,Yeni ve Etiketli,Bej,PAYLA,Stradivarius Bej Gömlek Yeni & Etiketli Online Satın Al,55,9,5,5,0,Alıcı Ödemeli Kargo,True,efnanindolabiii,12,False,2026-03-08T14:55:30.386495,20250712,kazak,Stradivarius,S / 36 Beden,PAYLA,Yeni & Etiketli,3,True,False,False,3,Premium,1.0,0.0,1,0
https://dolap.com/urun/colin-s-cok-renkli-bluz-yeni-etiketli-efnanindolabiii-445819672,445819672,kazak,,Colin's - S / 36 Beden,Colin's Çok Renkli Bluz Yeni & Etiketli Online Satın Al,180.0,,False,Yeni ve Etiketli,Çok Renkli,PAYLA,Colin's Çok Renkli Bluz Yeni & Etiketli Online Satın Al,55,10,5,0,0,Alıcı Ödemeli Kargo,True,efnanindolabiii,12,False,2026-03-08T14:55:37.366916,20250712,kazak,Colin's,S / 36 Beden,PAYLA,Yeni & Etiketli,3,True,False,False,1,Economy,0.723,0.0,1,0
https://dolap.com/urun/defacto-murdum-gomlek-yeni-etiketli-efnanindolabiii-445819346,445819346,kazak,,Defacto - L / 40 Beden,Defacto Mürdüm Gömlek Yeni & Etiketli Online Satın Al,180.0,,False,Yeni ve Etiketli,Mürdüm,PAYLA,Defacto Mürdüm Gömlek Yeni & Etiketli Online Satın Al,53,9,8,4,0,Alıcı Ödemeli Kargo,True,efnanindolabiii,12,False,2026-03-08T14:55:42.757000,20250712,kazak,Defacto,L / 40 Beden,PAYLA,Yeni & Etiketli,3,True,False,False,0,Budget,0.723,0.0,1,0
https://dolap.com/urun/koton-ekoseli-sweatshirt-yeni-etiketli-efnanindolabiii-445819473,445819473,kazak,,Koton - XL / 42 Beden,Koton Ekoseli Sweatshirt Yeni & Etiketli Online Satın Al,249.0,,False,Yeni ve Etiketli,Ekoseli,PAYLA,Koton Ekoseli Sweatshirt Yeni & Etiketli Online Satın Al,56,9,5,1,0,Alıcı Ödemeli Kargo,True,efnanindolabiii,12,False,2026-03-08T14:55:46.561004,20250712,kazak,Koton,XL / 42 Beden,PAYLA,Yeni & Etiketli,3,True,False,False,0,Budget,1.0,0.0,1,0
https://dolap.com/urun/koton-taba-mont-yeni-etiketli-efnanindolabiii-445802289,445802289,kazak,,Koton - XS / 34 Beden,Koton Taba Mont Yeni & Etiketli Online Satın Al,249.0,,False,Yeni ve Etiketli,Taba,PAYLA,Koton Taba Mont Yeni & Etiketli Online Satın Al,47,9,9,1,0,Alıcı Ödemeli Kargo,True,efnanindolabiii,12,False,2026-03-08T14:55:53.939678,20250712,kazak,Koton,XS / 34 Beden,PAYLA,Yeni & Etiketli,3,True,False,False,0,Budget,1.0,0.0,1,0
https://dolap.com/urun/h-m-haki-deri-ceket-yeni-etiketli-efnanindolabiii-445801875,445801875,kazak,,H&M - XS / 34 Beden,H&M Haki Deri Ceket Yeni & Etiketli Online Satın Al,249.0,,False,Yeni ve Etiketli,Haki,PAYLA,H&M Haki Deri Ceket Yeni & Etiketli Online Satın Al,51,10,7,0,0,Alıcı Ödemeli Kargo,True,efnanindolabiii,12,False,2026-03-08T14:56:00.330614,20250712,kazak,H&M,XS / 34 Beden,PAYLA,Yeni & Etiketli,3,True,False,False,1,Economy,1.0,0.0,1,0
https://dolap.com/urun/koton-lacivert-gomlek-yeni-etiketli-efnanindolabiii-445801189,445801189,kazak,,Koton - M / 38 Beden,Koton Lacivert Gömlek Yeni & Etiketli Online Satın Al,249.0,,False,Yeni ve Etiketli,Lacivert,PAYLA,Koton Lacivert Gömlek Yeni & Etiketli Online Satın Al,53,9,4,2,0,Alıcı Ödemeli Kargo,True,efnanindolabiii,12,False,2026-03-08T14:56:08.318023,20250712,kazak,Koton,M / 38 Beden,PAYLA,Yeni & Etiketli,3,True,False,False,0,Budget,1.0,0.0,1,0
https://dolap.com/urun/bershka-desenli-gomlek-yeni-efnanindolabiii-445800916,445800916,kazak,,Bershka - L / 40 Beden,Bershka Desenli Gömlek Yeni Online Satın Al,180.0,,False,Yeni,Desenli,PAYLA,Bershka Desenli Gömlek Yeni Online Satın Al,43,7,3,0,0,Alıcı Ödemeli Kargo,True,efnanindolabiii,12,False,2026-03-08T14:56:11.659898,20250712,kazak,Bershka,L / 40 Beden,PAYLA,Yeni,2,True,False,False,3,Premium,0.723,0.0,1,0
https://dolap.com/urun/mudo-taba-gomlek-yeni-etiketli-efnanindolabiii-445799994,445799994,kazak,,Mudo - S / 36 Beden,Mudo Taba Gömlek Yeni & Etiketli Online Satın Al,249.0,,False,Yeni ve Etiketli,Taba,PAYLA,Mudo Taba Gömlek Yeni & Etiketli Online Satın Al,48,9,6,0,0,Alıcı Ödemeli Kargo,True,efnanindolabiii,12,False,2026-03-08T14:56:18.104466,20250712,kazak,Mudo,S / 36 Beden,PAYLA,Yeni & Etiketli,3,True,False,False,1,Economy,1.0,0.0,1,0
https://dolap.com/urun/bershka-siyah-deri-ceket-yeni-etiketli-efnanindolabiii-445759747,445759747,kazak,,Bershka - S / 36 Beden,Bershka Siyah Deri Ceket Yeni & Etiketli Online Satın Al,249.0,,False,Yeni ve Etiketli,Siyah,PAYLA,Bershka Siyah Deri Ceket Yeni & Etiketli Online Satın Al,56,10,8,2,0,Alıcı Ödemeli Kargo,True,efnanindolabiii,12,False,2026-03-08T14:56:23.222607,20250712,kazak,Bershka,S / 36 Beden,PAYLA,Yeni & Etiketli,3,True,False,False,3,Premium,1.0,0.0,1,0
https://dolap.com/urun/ipekyol-siyah-etek-yeni-etiketli-burcincelikkurt-445818800,445818800,kazak,,İpekyol - XS / 34 Beden,İpekyol Siyah Etek Yeni & Etiketli Online Satın Al,550.0,,False,Yeni ve Etiketli,Siyah,,İpekyol Siyah Etek Yeni & Etiketli Online Satın Al,50,9,4,4,0,Ücretsiz Kargo,False,burcincelikkurt,33,False,2026-03-08T14:56:27.656085,20250712,kazak,İpekyol,XS / 34 Beden,XS / 34 Beden,Yeni & Etiketli,3,True,False,False,2,Mid-Range,2.209,0.0,0,0
https://dolap.com/urun/mango-lila-bluz-yeni-burcincelikkurt-445818279,445818279,kazak,,Mango - XS / 34 Beden,Mango Lila Bluz Yeni Online Satın Al,300.0,,False,Yeni,Lila,,Mango Lila Bluz Yeni Online Satın Al,36,7,3,0,0,Ücretsiz Kargo,False,burcincelikkurt,33,False,2026-03-08T14:56:33.272806,20250712,kazak,Mango,XS / 34 Beden,XS / 34 Beden,Yeni,2,True,False,False,2,Mid-Range,1.205,0.0,0,0
https://dolap.com/urun/mango-siyah-kazak-yeni-etiketli-burcincelikkurt-445816717,445816717,kazak,,Mango - S / 36 Beden,Mango Siyah Kazak Yeni & Etiketli Online Satın Al,475.0,,False,Yeni ve Etiketli,Siyah,,Mango Siyah Kazak Yeni & Etiketli Online Satın Al,49,9,4,9,0,Ücretsiz Kargo,False,burcincelikkurt,33,False,2026-03-08T14:56:37.851003,20250712,kazak,Mango,S / 36 Beden,S / 36 Beden,Yeni & Etiketli,3,True,False,False,2,Mid-Range,1.908,0.0,0,0
https://dolap.com/urun/zara-lacivert-kazak-yeni-etiketli-burcincelikkurt-445815976,445815976,kazak,,Zara - S / 36 Beden,Zara Lacivert Kazak Yeni & Etiketli Online Satın Al,550.0,,False,Yeni ve Etiketli,Lacivert,,Zara Lacivert Kazak Yeni & Etiketli Online Satın Al,51,9,3,12,0,Ücretsiz Kargo,False,burcincelikkurt,33,False,2026-03-08T14:56:42.587638,20250712,kazak,Zara,S / 36 Beden,S / 36 Beden,Yeni & Etiketli,3,True,False,False,2,Mid-Range,2.209,0.0,1,1
https://dolap.com/urun/mango-beyaz-kazak-yeni-etiketli-burcincelikkurt-445815556,445815556,kazak,,Mango - XXS / 32 Beden,Mango Beyaz Kazak Yeni & Etiketli Online Satın Al,550.0,,False,Yeni ve Etiketli,Beyaz,,Mango Beyaz Kazak Yeni & Etiketli Online Satın Al,49,9,5,1,0,Ücretsiz Kargo,False,burcincelikkurt,33,False,2026-03-08T14:56:49.341250,20250712,kazak,Mango,XXS / 32 Beden,XXS / 32 Beden,Yeni & Etiketli,3,True,False,False,2,Mid-Range,2.209,0.0,0,0
https://dolap.com/urun/mango-kahverengi-kazak-yeni-etiketli-burcincelikkurt-445814631,445814631,kazak,,Mango - XXS / 32 Beden,Mango Kahverengi Kazak Yeni & Etiketli Online Satın Al,550.0,,False,Yeni ve Etiketli,Kahverengi,,Mango Kahverengi Kazak Yeni & Etiketli Online Satın Al,54,9,6,0,0,Ücretsiz Kargo,False,burcincelikkurt,33,False,2026-03-08T14:56:59.162563,20250712,kazak,Mango,XXS / 32 Beden,XXS / 32 Beden,Yeni & Etiketli,3,True,False,False,2,Mid-Range,2.209,0.0,0,0
https://dolap.com/urun/mango-mavi-gunluk-elbise-yeni-etiketli-burcincelikkurt-445811148,445811148,kazak,,Mango - XS / 34 Beden,Mango Mavi Günlük Elbise Yeni & Etiketli Online Satın Al,550.0,,False,Yeni ve Etiketli,Mavi,,Mango Mavi Günlük Elbise Yeni & Etiketli Online Satın Al,56,10,6,1,0,Ücretsiz Kargo,False,burcincelikkurt,33,False,2026-03-08T14:57:12.801067,20250712,kazak,Mango,XS / 34 Beden,XS / 34 Beden,Yeni & Etiketli,3,True,False,False,2,Mid-Range,2.209,0.0,0,0
https://dolap.com/urun/stradivarius-kahverengi-blazer-ceket-yeni-burcincelikkurt-445811000,445811000,kazak,,Stradivarius - S / 36 Beden,Stradivarius Kahverengi Blazer / Ceket Yeni Online Satın Al,850.0,,False,Yeni,Kahverengi,,Stradivarius Kahverengi Blazer / Ceket Yeni Online Satın Al,59,9,5,6,0,Ücretsiz Kargo,False,burcincelikkurt,33,False,2026-03-08T14:57:21.630183,20250712,kazak,Stradivarius,S / 36 Beden,S / 36 Beden,Yeni,2,True,False,False,3,Premium,3.414,0.0,0,0
https://dolap.com/urun/lc-waikiki-desenli-gomlek-az-kullanilmis-burcincelikkurt-441344397,441344397,kazak,,LC Waikiki - XS/S Beden,LC Waikiki Desenli Gömlek Az Kullanılmış Online Satın Al,260.0,,False,Az Kullanılmış,Desenli,,LC Waikiki Desenli Gömlek Az Kullanılmış Online Satın Al,56,9,5,1,0,Ücretsiz Kargo,False,burcincelikkurt,33,False,2026-03-08T14:57:28.395503,20250712,kazak,LC Waikiki,XS/S Beden,XS/S Beden,Az Kullanılmış,1,True,False,False,0,Budget,1.044,0.0,0,0
https://dolap.com/urun/zara-siyah-bluz-yeni-etiketli-burcincelikkurt-445201493,445201493,kazak,,Zara - XS / 34 Beden,Zara Siyah Bluz Yeni & Etiketli Online Satın Al,430.0,,False,Yeni ve Etiketli,Siyah,,Zara Siyah Bluz Yeni & Etiketli Online Satın Al,47,9,5,41,0,Ücretsiz Kargo,False,burcincelikkurt,33,False,2026-03-08T14:57:32.480381,20250712,kazak,Zara,XS / 34 Beden,XS / 34 Beden,Yeni & Etiketli,3,True,False,False,2,Mid-Range,1.727,0.0,1,1
https://dolap.com/urun/zara-krem-etek-yeni-etiketli-burcincelikkurt-444113019,444113019,kazak,,Zara - S / 36 Beden,Zara Krem Etek Yeni & Etiketli Online Satın Al,420.0,,False,Yeni ve Etiketli,Krem,,Zara Krem Etek Yeni & Etiketli Online Satın Al,46,9,5,2,0,Ücretsiz Kargo,False,burcincelikkurt,33,False,2026-03-08T14:57:38.712347,20250712,kazak,Zara,S / 36 Beden,S / 36 Beden,Yeni & Etiketli,3,True,False,False,2,Mid-Range,1.687,0.0,0,0
https://dolap.com/urun/mango-siyah-kisa-elbise-az-kullanilmis-burcincelikkurt-441334257,441334257,kazak,,Mango - S / 36 Beden,Mango Siyah Kısa Elbise Az Kullanılmış Online Satın Al,410.0,,False,Yeni & Etiketli,Siyah,,Mango Siyah Kısa Elbise Az Kullanılmış Online Satın Al,54,9,4,2,0,Ücretsiz Kargo,False,burcincelikkurt,33,False,2026-03-08T14:57:44.543287,20250712,kazak,Mango,S / 36 Beden,S / 36 Beden,Yeni & Etiketli,3,True,False,False,2,Mid-Range,1.647,0.0,0,0
https://dolap.com/urun/zara-antrasit-kisa-elbise-yeni-etiketli-burcincelikkurt-444589744,444589744,kazak,,Zara - XS / 34 Beden,Zara Antrasit Kısa Elbise Yeni & Etiketli Online Satın Al,600.0,,False,Yeni ve Etiketli,Antrasit,,Zara Antrasit Kısa Elbise Yeni & Etiketli Online Satın Al,57,10,4,9,0,Ücretsiz Kargo,False,burcincelikkurt,33,False,2026-03-08T14:57:50.702001,20250712,kazak,Zara,XS / 34 Beden,XS / 34 Beden,Yeni & Etiketli,3,True,False,False,2,Mid-Range,2.41,0.0,0,0
https://dolap.com/urun/pull-bear-altin-abiye-ayakkabi-yeni-etiketli-burcincelikkurt-441259736,441259736,kazak,,Pull & Bear - 36 Numara,Pull & Bear Altın Abiye Ayakkabı Yeni & Etiketli Online Satın Al,800.0,,False,Yeni ve Etiketli,Altın,,Pull & Bear Altın Abiye Ayakkabı Yeni & Etiketli Online Satın Al,64,12,7,19,0,Ücretsiz Kargo,False,burcincelikkurt,33,False,2026-03-08T14:57:56.000070,20250712,kazak,Pull & Bear,36 Numara,36 Numara,Yeni & Etiketli,3,True,False,False,4,Luxury,3.213,0.0,1,1
https://dolap.com/urun/zara-siyah-kisa-elbise-az-kullanilmis-burcincelikkurt-441345803,441345803,kazak,,Zara - S / 36 Beden,Zara Siyah Kısa Elbise Az Kullanılmış Online Satın Al,400.0,,False,Yeni & Etiketli,Siyah,,Zara Siyah Kısa Elbise Az Kullanılmış Online Satın Al,53,9,3,0,0,Ücretsiz Kargo,False,burcincelikkurt,33,False,2026-03-08T14:57:59.834244,20250712,kazak,Zara,S / 36 Beden,S / 36 Beden,Yeni & Etiketli,3,True,False,False,2,Mid-Range,1.606,0.0,0,0
https://dolap.com/urun/ipekyol-vizon-kazak-az-kullanilmis-ezgierden-427001718,427001718,kazak,,İpekyol - S / 36 Beden,İpekyol Vizon Kazak Az Kullanılmış Online Satın Al,155.0,,False,Az Kullanılmış,Vizon,PAYLA,İpekyol Vizon Kazak Az Kullanılmış Online Satın Al,50,8,8,7,0,Alıcı Ödemeli Kargo,True,ezgierden,51,False,2026-03-08T14:58:09.048367,20250712,kazak,İpekyol,S / 36 Beden,PAYLA,Az Kullanılmış,1,True,False,False,2,Mid-Range,0.622,0.0,1,0
https://dolap.com/urun/atmosphere-siyah-t-shirt-az-kullanilmis-ezgierden-344369322,344369322,kazak,,Atmosphere - Tek Ebat Beden,Atmosphere Siyah T-Shirt Az Kullanılmış Online Satın Al,90.0,,False,Az Kullanılmış,Siyah,PAYLA,Atmosphere - Tek Ebat Beden,27,5,5,16,0,Alıcı Ödemeli Kargo,True,ezgierden,51,False,2026-03-08T14:58:14.950489,20250712,kazak,Atmosphere,Tek Ebat Beden,PAYLA,Az Kullanılmış,1,False,False,False,0,Budget,0.361,0.0,2,1
https://dolap.com/urun/h-m-hardal-t-shirt-az-kullanilmis-ezgierden-350730273,350730273,kazak,,H&M - S / 36 Beden,H&M Hardal T-Shirt Az Kullanılmış Online Satın Al,215.0,,False,Yeni,Hardal,PAYLA,"Birkaç kez kullandım sadece. Yumuşacık kumaşı. Ölçüleri görsele ekledim. Kare yaka, açıklığı çok yerinde. Yeni gibi.",116,16,7,3,0,Alıcı Ödemeli Kargo,True,ezgierden,51,False,2026-03-08T14:58:24.485987,20250712,kazak,H&M,S / 36 Beden,PAYLA,Yeni,2,False,False,False,1,Economy,0.863,0.0,1,0
https://dolap.com/urun/diger-taba-babet-az-kullanilmis-ezgierden-371987905,371987905,kazak,,Diğer - 38 Numara,Diğer Taba Babet Az Kullanılmış Online Satın Al,249.0,,False,Yeni & Etiketli,Taba,,"Bir kaç kez kullanıldı. Kullanımı rahat. TEK SEPETTE BİRDEN FAZLA ÜRÜN ALMAK İSTERSENİZ LÜTFEN ÖNCE İLETİŞİME GEÇİN, TÜM ÜRÜNLER AYNI ADRESTE OLMADIĞINDAN TEK KARGO GÖNDERME İMKANI OLUP OLMADIĞINI SORMADAN ALMAYIN LÜTFEN, AKSİ HALDE İPTAL ETMEM GEREKEBİLİR.",257,36,6,3,0,Alıcı Ödemeli Kargo,True,ezgierden,51,False,2026-03-08T14:58:31.341367,20250712,kazak,Diğer,38 Numara,38 Numara,Yeni & Etiketli,3,False,False,False,0,Budget,1.0,0.0,1,0
https://dolap.com/urun/mavi-kirmizi-kazak-az-kullanilmis-ezgierden-426174045,426174045,kazak,,Mavi - S / 36 Beden,Mavi Kırmızı Kazak Az Kullanılmış Online Satın Al,249.0,,False,Yeni,Kırmızı,PAYLA,Mavi Kırmızı Kazak Az Kullanılmış Online Satın Al,49,8,8,10,0,Alıcı Ödemeli Kargo,True,ezgierden,51,False,2026-03-08T14:58:40.104032,20250712,kazak,Mavi,S / 36 Beden,PAYLA,Yeni,2,True,False,False,2,Mid-Range,1.0,0.0,2,1
https://dolap.com/urun/tiffany-mor-gunluk-elbise-az-kullanilmis-ezgierden-445819385,445819385,kazak,,Tiffany - M Beden,Tiffany Mor Günlük Elbise Az Kullanılmış Online Satın Al,45.0,,False,Az Kullanılmış,Mor,PAYLA,Tiffany Mor Günlük Elbise Az Kullanılmış Online Satın Al,56,9,8,0,0,Alıcı Ödemeli Kargo,True,ezgierden,51,False,2026-03-08T14:58:46.553449,20250712,kazak,Tiffany,M Beden,PAYLA,Az Kullanılmış,1,True,False,False,0,Budget,0.181,0.0,1,0
https://dolap.com/urun/pull-bear-yesil-kazak-yeni-etiketli-ezgierden-445818937,445818937,kazak,,Pull & Bear - M / 38 Beden,Pull & Bear Yeşil Kazak Yeni & Etiketli Online Satın Al,249.0,,False,Yeni ve Etiketli,Yeşil,PAYLA,Pull & Bear Yeşil Kazak Yeni & Etiketli Online Satın Al,55,11,7,4,0,Alıcı Ödemeli Kargo,True,ezgierden,51,False,2026-03-08T14:58:53.018468,20250712,kazak,Pull & Bear,M / 38 Beden,PAYLA,Yeni & Etiketli,3,True,False,False,4,Luxury,1.0,0.0,1,0
https://dolap.com/urun/massimo-dutti-pembe-kazak-az-kullanilmis-ezgierden-445818766,445818766,kazak,,Massimo Dutti - S / 36 Beden,Massimo Dutti Pembe Kazak Az Kullanılmış Online Satın Al,235.0,,False,Az Kullanılmış,Pembe,PAYLA,Massimo Dutti Pembe Kazak Az Kullanılmış Online Satın Al,56,9,9,0,0,Alıcı Ödemeli Kargo,True,ezgierden,51,False,2026-03-08T14:58:59.077153,20250712,kazak,Massimo Dutti,S / 36 Beden,PAYLA,Az Kullanılmış,1,True,False,False,1,Economy,0.944,0.0,1,0
https://dolap.com/urun/network-gri-pantolon-az-kullanilmis-ezgierden-428213588,428213588,kazak,,Network - 27 Beden,Network Gri Pantolon Az Kullanılmış Online Satın Al,375.0,,False,Az Kullanılmış,Gri,,Network Gri Pantolon Az Kullanılmış Online Satın Al,51,8,8,5,0,Ücretsiz Kargo,False,ezgierden,51,False,2026-03-08T14:59:05.397809,20250712,kazak,Network,27 Beden,27 Beden,Az Kullanılmış,1,True,False,False,3,Premium,1.506,0.0,0,0
https://dolap.com/urun/streetbox-kirmizi-sirt-cantasi-az-kullanilmis-ezgierden-376436720,376436720,kazak,,StreetBox,StreetBox Kırmızı Sırt Çantası Az Kullanılmış Online Satın Al,248.0,,False,Az Kullanılmış,Kırmızı,,StreetBox Kırmızı Sırt Çantası Az Kullanılmış Online Satın Al,61,9,9,9,0,Alıcı Ödemeli Kargo,True,ezgierden,51,False,2026-03-08T14:59:15.130055,20250712,kazak,StreetBox,,,Az Kullanılmış,1,True,False,False,1,Economy,0.996,0.0,1,0
https://dolap.com/urun/nine-west-siyah-klasik-topuklu-ayakkabi-az-kullanilmis-ezgierden-6913432,6913432,kazak,,Nine West - 37.5 Numara,Nine West Siyah Klasik Topuklu Ayakkabı Az Kullanılmış Online Satın Al,85.0,,False,Az Kullanılmış,Siyah,,Nine West Siyah Klasik Topuklu Ayakkabı Az Kullanılmış Online Satın Al,70,11,9,5,0,Alıcı Ödemeli Kargo,True,ezgierden,51,False,2026-03-08T14:59:20.816157,20250712,kazak,Nine West,37.5 Numara,37.5 Numara,Az Kullanılmış,1,True,False,False,3,Premium,0.341,0.0,1,0
https://dolap.com/urun/network-yesil-kazak-az-kullanilmis-ezgierden-335872995,335872995,kazak,,Network - XS / 34 Beden,Network Yeşil Kazak Az Kullanılmış Online Satın Al,195.0,,False,Az Kullanılmış,Yeşil,PAYLA,Network Yeşil Kazak Az Kullanılmış Online Satın Al,50,8,7,6,0,Alıcı Ödemeli Kargo,True,ezgierden,51,False,2026-03-08T14:59:26.300994,20250712,kazak,Network,XS / 34 Beden,PAYLA,Az Kullanılmış,1,True,False,False,3,Premium,0.783,0.0,1,0
https://dolap.com/urun/adidas-vizon-eldiven-az-kullanilmis-ezgierden-430326570,430326570,kazak,,Adidas,Adidas Vizon Eldiven Az Kullanılmış Online Satın Al,175.0,,False,Az Kullanılmış,Vizon,,,0,0,7,3,0,Alıcı Ödemeli Kargo,True,ezgierden,51,False,2026-03-08T14:59:30.696287,20250712,kazak,Adidas,,,Az Kullanılmış,1,True,False,False,2,Mid-Range,0.703,0.0,1,0
https://dolap.com/urun/gizia-sari-gece-elbisesi-az-kullanilmis-ezgierden-340677489,340677489,kazak,,Gizia - S / 36 Beden,Gizia Sarı Gece Elbisesi Az Kullanılmış Online Satın Al,2750.0,,False,Yeni & Etiketli,Sarı,,Gizia Sarı Gece Elbisesi Az Kullanılmış Online Satın Al,55,9,9,4,0,Ücretsiz Kargo,False,ezgierden,51,False,2026-03-08T14:59:36.847874,20250712,kazak,Gizia,S / 36 Beden,S / 36 Beden,Yeni & Etiketli,3,True,False,False,4,Luxury,11.044,0.0,0,0
https://dolap.com/urun/levi-s-mavi-jeans-az-kullanilmis-ezgierden-334015832,334015832,kazak,,Levi's - 25 Beden,Levi's Mavi Jeans Az Kullanılmış Online Satın Al,145.0,,False,Yeni & Etiketli,Mavi,PAYLA,"Sağ dizinde fotoda göründüğü gibi belli belirsiz bi leke var. Çıkar mı emin değilim. Onun dışında sapasağlam TEK SEPETTE BİRDEN FAZLA ÜRÜN ALMAK İSTERSENİZ LÜTFEN ÖNCE İLETİŞİME GEÇİN, TÜM ÜRÜNLER AYNI ADRESTE OLMADIĞINDAN TEK KARGO GÖNDERME İMKANI OLUP OLMADIĞINI SORMADAN ALMAYIN LÜTFEN, AKSİ HALDE İPTAL ETMEM GEREKEBİLİR.",325,47,9,3,0,Alıcı Ödemeli Kargo,True,ezgierden,51,False,2026-03-08T14:59:42.777377,20250712,kazak,Levi's,25 Beden,PAYLA,Yeni & Etiketli,3,False,True,False,1,Economy,0.582,0.0,1,0
https://dolap.com/urun/marrakech-mavi-gomlek-yeni-ezgierden-335052112,335052112,kazak,,Marrakech - L / 40 Beden,Marrakech Mavi Gömlek Yeni Online Satın Al,249.0,,False,Yeni,Mavi,PAYLA,Marrakech Mavi Gömlek Yeni Online Satın Al,42,7,8,4,0,Alıcı Ödemeli Kargo,True,ezgierden,51,False,2026-03-08T14:59:47.369113,20250712,kazak,Marrakech,L / 40 Beden,PAYLA,Yeni,2,True,False,False,1,Economy,1.0,0.0,1,0
https://dolap.com/urun/diger-hasir-askili-canta-yeni-ezgierden-334951193,334951193,kazak,,Diğer,Diğer Hasır Askılı Çanta Yeni Online Satın Al,95.0,,False,Yeni,Hasır,,Diğer Hasır Askılı Çanta Yeni Online Satın Al,45,8,5,7,0,Alıcı Ödemeli Kargo,True,ezgierden,51,False,2026-03-08T14:59:58.535934,20250712,kazak,Diğer,,,Yeni,2,True,False,False,0,Budget,0.382,0.0,1,0
https://dolap.com/urun/koton-siyah-pardesu-trenckot-az-kullanilmis-ezgierden-334007513,334007513,kazak,,Koton - M / 38 Beden,Koton Siyah Pardesü & Trençkot Az Kullanılmış Online Satın Al,165.0,,False,Az Kullanılmış,Siyah,PAYLA,Koton - M / 38 Beden,20,6,9,2,0,Alıcı Ödemeli Kargo,True,ezgierden,51,False,2026-03-08T15:00:10.785384,20250712,kazak,Koton,M / 38 Beden,PAYLA,Az Kullanılmış,1,False,False,False,0,Budget,0.663,0.0,1,0
https://dolap.com/urun/zara-haki-tunik-az-kullanilmis-ezgierden-336718454,336718454,kazak,,Zara - XS / 34 Beden,Zara Haki Tunik Az Kullanılmış Online Satın Al,75.0,,False,Az Kullanılmış,Haki,PAYLA,Zara - XS / 34 Beden,20,6,7,4,0,Alıcı Ödemeli Kargo,True,ezgierden,51,False,2026-03-08T15:00:22.477593,20250712,kazak,Zara,XS / 34 Beden,PAYLA,Az Kullanılmış,1,False,False,False,2,Mid-Range,0.301,0.0,1,0
https://dolap.com/urun/mavi-bej-kazak-az-kullanilmis-ezgierden-339047519,339047519,kazak,,Mavi - S / 36 Beden,Mavi Bej Kazak Az Kullanılmış Online Satın Al,62.0,,False,Yeni & Etiketli,Bej,PAYLA,Mavi Bej Kazak Az Kullanılmış Online Satın Al,45,8,8,4,0,Alıcı Ödemeli Kargo,True,ezgierden,51,False,2026-03-08T15:00:41.045715,20250712,kazak,Mavi,S / 36 Beden,PAYLA,Yeni & Etiketli,3,True,False,False,2,Mid-Range,0.249,0.0,1,0
https://dolap.com/urun/stradivarius-siyah-blazer-ceket-az-kullanilmis-ezgierden-339187038,339187038,kazak,,Stradivarius - S / 36 Beden,Stradivarius Siyah Blazer / Ceket Az Kullanılmış Online Satın Al,249.0,,False,Yeni & Etiketli,Siyah,,Stradivarius - S / 36 Beden,27,6,9,4,0,Ücretsiz Kargo,False,ezgierden,51,False,2026-03-08T15:00:49.858125,20250712,kazak,Stradivarius,S / 36 Beden,S / 36 Beden,Yeni & Etiketli,3,False,False,False,3,Premium,1.0,0.0,1,0
https://dolap.com/urun/levi-s-cizgili-sweatshirt-az-kullanilmis-ezgierden-341925200,341925200,kazak,,Levi's - S / 36 Beden,Levi's Çizgili Sweatshirt Az Kullanılmış Online Satın Al,495.0,,False,Az Kullanılmış,Çizgili,,Levi's Çizgili Sweatshirt Az Kullanılmış Online Satın Al,56,8,8,10,0,Ücretsiz Kargo,False,ezgierden,51,False,2026-03-08T15:00:59.205383,20250712,kazak,Levi's,S / 36 Beden,S / 36 Beden,Az Kullanılmış,1,True,False,False,1,Economy,1.988,0.0,1,1
https://dolap.com/urun/nike-siyah-sneaker-az-kullanilmis-ezgierden-347321152,347321152,kazak,,Nike - 38.5 Numara,Nike Siyah Sneaker Az Kullanılmış Online Satın Al,249.0,,False,Az Kullanılmış,Siyah,,"Görseller günceldir. Ürün orijinal, sadece iç arka kısım kumaşında giy çıkardan kaynaklı ufak bi yıpranma var. Çok rahat klasik bi Nike sneaker. TEK SEPETTE BİRDEN FAZLA ÜRÜN ALMAK İSTERSENİZ LÜTFEN ÖNCE İLETİŞİME GEÇİN, TÜM ÜRÜNLER AYNI ADRESTE OLMADIĞINDAN TEK KARGO GÖNDERME İMKANI OLUP OLMADIĞINI SORMADAN ALMAYIN LÜTFEN, AKSİ HALDE İPTAL ETMEM GEREKEBİLİR.",361,52,9,5,0,Alıcı Ödemeli Kargo,True,ezgierden,51,False,2026-03-08T15:01:09.151091,20250712,kazak,Nike,38.5 Numara,38.5 Numara,Az Kullanılmış,1,False,False,False,3,Premium,1.0,0.0,1,0
https://dolap.com/urun/diger-siyah-bluz-yeni-etiketli-ezgierden-371369437,371369437,kazak,,Diğer - M / 38 Beden,Diğer Siyah Bluz Yeni & Etiketli Online Satın Al,249.0,,False,Yeni ve Etiketli,Siyah,PAYLA,Diğer Siyah Bluz Yeni & Etiketli Online Satın Al,48,9,5,20,0,Alıcı Ödemeli Kargo,True,ezgierden,51,False,2026-03-08T15:01:17.795278,20250712,kazak,Diğer,M / 38 Beden,PAYLA,Yeni & Etiketli,3,True,False,False,0,Budget,1.0,0.0,2,1
https://dolap.com/urun/yargici-bordo-gunluk-elbise-az-kullanilmis-ezgierden-424757741,424757741,kazak,,Yargıcı - S / 36 Beden,Yargıcı Bordo Günlük Elbise Az Kullanılmış Online Satın Al,525.0,,False,Az Kullanılmış,Bordo,,Yargıcı Bordo Günlük Elbise Az Kullanılmış Online Satın Al,58,9,9,8,0,Ücretsiz Kargo,False,ezgierden,51,False,2026-03-08T15:01:31.844855,20250712,kazak,Yargıcı,S / 36 Beden,S / 36 Beden,Az Kullanılmış,1,True,False,False,3,Premium,2.108,0.0,0,0
https://dolap.com/urun/polo-garage-cizgili-kazak-yeni-ezgierden-4967488,4967488,kazak,,Polo Garage - S / 36 Beden,Polo Garage Çizgili Kazak Yeni Online Satın Al,350.0,,False,Yeni,Çizgili,,Polo Garage Çizgili Kazak Yeni Online Satın Al,46,8,5,2,0,Ücretsiz Kargo,False,ezgierden,51,False,2026-03-08T15:01:37.620419,20250712,kazak,Polo Garage,S / 36 Beden,S / 36 Beden,Yeni,2,True,False,False,2,Mid-Range,1.406,0.0,0,0
https://dolap.com/urun/diger-lacivert-kisa-elbise-az-kullanilmis-ezgierden-428330315,428330315,kazak,,Diğer - M / 38 Beden,Diğer Lacivert Kısa Elbise Az Kullanılmış Online Satın Al,460.0,,False,Yeni & Etiketli,Lacivert,,Diğer Lacivert Kısa Elbise Az Kullanılmış Online Satın Al,57,9,9,1,0,Ücretsiz Kargo,False,ezgierden,51,False,2026-03-08T15:01:46.580831,20250712,kazak,Diğer,M / 38 Beden,M / 38 Beden,Yeni & Etiketli,3,True,False,False,0,Budget,1.847,0.0,0,0
https://dolap.com/urun/diger-krem-babet-yeni-ezgierden-351109576,351109576,kazak,,Diğer - 37 Numara,Diğer Krem Babet Yeni Online Satın Al,522.0,,False,Yeni,Krem,,Diğer Krem Babet Yeni Online Satın Al,37,7,8,5,0,Ücretsiz Kargo,False,ezgierden,51,False,2026-03-08T15:01:51.394080,20250712,kazak,Diğer,37 Numara,37 Numara,Yeni,2,True,False,False,0,Budget,2.096,0.0,0,0
https://dolap.com/urun/mavi-kirmizi-mont-az-kullanilmis-ezgierden-337261048,337261048,kazak,,Mavi - S / 36 Beden,Mavi Kırmızı Mont Az Kullanılmış Online Satın Al,436.0,,False,Az Kullanılmış,Kırmızı,,Mavi Kırmızı Mont Az Kullanılmış Online Satın Al,48,8,7,5,0,Ücretsiz Kargo,False,ezgierden,51,False,2026-03-08T15:02:01.020080,20250712,kazak,Mavi,S / 36 Beden,S / 36 Beden,Az Kullanılmış,1,True,False,False,2,Mid-Range,1.751,0.0,0,0
https://dolap.com/urun/nine-west-siyah-bot-bootie-az-kullanilmis-ezgierden-343183465,343183465,kazak,,Nine West - 37.5 Numara,Nine West Siyah Bot & Bootie Az Kullanılmış Online Satın Al,445.0,,False,Az Kullanılmış,Siyah,,Nine West Siyah Bot & Bootie Az Kullanılmış Online Satın Al,59,11,9,18,0,Ücretsiz Kargo,False,ezgierden,51,False,2026-03-08T15:02:12.042337,20250712,kazak,Nine West,37.5 Numara,37.5 Numara,Az Kullanılmış,1,True,False,False,3,Premium,1.787,0.0,1,1
https://dolap.com/urun/diger-kahverengi-klasik-topuklu-ayakkabi-yeni-ezgierden-347350000,347350000,kazak,,Diğer - 36 Numara,Diğer Kahverengi Klasik Topuklu Ayakkabı Yeni Online Satın Al,355.0,,False,Yeni,Kahverengi,,Diğer Kahverengi Klasik Topuklu Ayakkabı Yeni Online Satın Al,61,9,9,3,0,Ücretsiz Kargo,False,ezgierden,51,False,2026-03-08T15:02:22.528925,20250712,kazak,Diğer,36 Numara,36 Numara,Yeni,2,True,False,False,0,Budget,1.426,0.0,0,0
https://dolap.com/urun/vatkali-beyaz-pantolon-az-kullanilmis-ezgierden-427030751,427030751,kazak,,Vatkalı - S / 36 Beden,Vatkalı Beyaz Pantolon Az Kullanılmış Online Satın Al,65.0,,False,Az Kullanılmış,Beyaz,PAYLA,Vatkalı Beyaz Pantolon Az Kullanılmış Online Satın Al,53,8,9,8,0,Alıcı Ödemeli Kargo,True,ezgierden,51,False,2026-03-08T15:02:29.645883,20250712,kazak,Vatkalı,S / 36 Beden,PAYLA,Az Kullanılmış,1,True,False,False,0,Budget,0.261,0.0,1,0
https://dolap.com/urun/journey-siyah-pantolon-az-kullanilmis-ezgierden-341705946,341705946,kazak,,Journey - XS / 34 Beden,Journey Siyah Pantolon Az Kullanılmış Online Satın Al,249.0,,False,Yeni,Siyah,PAYLA,Journey Siyah Pantolon Az Kullanılmış Online Satın Al,53,8,9,2,0,Alıcı Ödemeli Kargo,True,ezgierden,51,False,2026-03-08T15:02:37.231533,20250712,kazak,Journey,XS / 34 Beden,PAYLA,Yeni,2,True,False,False,1,Economy,1.0,0.0,1,0
https://dolap.com/urun/mudo-lacivert-polo-yaka-t-shirt-az-kullanilmis-ezgierden-428794408,428794408,kazak,,Mudo - L / 40 Beden,Mudo Lacivert Polo Yaka T-Shirt Az Kullanılmış Online Satın Al,185.0,,False,Az Kullanılmış,Lacivert,PAYLA,,0,0,9,2,0,Alıcı Ödemeli Kargo,True,ezgierden,51,False,2026-03-08T15:02:44.395028,20250712,kazak,Mudo,L / 40 Beden,PAYLA,Az Kullanılmış,1,True,False,False,1,Economy,0.743,0.0,1,0
https://dolap.com/urun/zara-gri-hirka-az-kullanilmis-ezgierden-437442002,437442002,kazak,,Zara - S / 36 Beden,Zara Gri Hırka Az Kullanılmış Online Satın Al,495.0,,False,Az Kullanılmış,Gri,,"Bir iki defa giyildi, etiketinden de anlaşılır zaten yeni gibi. Ölçüleri görsellere ekledim. Sedef düğmeli çok şık bi hırka.",124,19,8,30,0,Ücretsiz Kargo,False,ezgierden,51,False,2026-03-08T15:02:54.519927,20250712,kazak,Zara,S / 36 Beden,S / 36 Beden,Az Kullanılmış,1,False,False,False,2,Mid-Range,1.988,0.0,1,1
https://dolap.com/urun/diger-bej-atki-yeni-ezgierden-437446624,437446624,kazak,,Diğer,Diğer Bej Atkı Yeni Online Satın Al,85.0,,False,Yeni,Bej,,Diğer Bej Atkı Yeni Online Satın Al,35,7,6,3,0,Alıcı Ödemeli Kargo,True,ezgierden,51,False,2026-03-08T15:03:03.724678,20250712,kazak,Diğer,,,Yeni,2,True,False,False,0,Budget,0.341,0.0,1,0
https://dolap.com/urun/diger-siyah-blazer-ceket-az-kullanilmis-minnakiro-445918959,445918959,kazak,,Diğer - S / 36 Beden,Diğer Siyah Blazer / Ceket Az Kullanılmış Online Satın Al,1350.0,,False,Az Kullanılmış,Siyah,,Diğer - S / 36 Beden,20,6,9,100,0,Ücretsiz Kargo,False,minnakiro,1322,False,2026-03-08T15:03:07.984789,20250712,kazak,Diğer,S / 36 Beden,S / 36 Beden,Az Kullanılmış,1,False,False,False,0,Budget,5.422,0.0,1,1
https://dolap.com/urun/h-m-siyah-sweatshirt-az-kullanilmis-minnakiro-445918476,445918476,kazak,,H&M - S / 36 Beden,H&M Siyah Sweatshirt Az Kullanılmış Online Satın Al,650.0,,False,Yeni & Etiketli,Siyah,,H&M Siyah Sweatshirt Az Kullanılmış Online Satın Al,51,8,5,99,0,Ücretsiz Kargo,False,minnakiro,1322,False,2026-03-08T15:03:17.140420,20250712,kazak,H&M,S / 36 Beden,S / 36 Beden,Yeni & Etiketli,3,True,False,False,1,Economy,2.61,0.0,1,1
https://dolap.com/urun/defacto-lacivert-gomlek-az-kullanilmis-minnakiro-445919823,445919823,kazak,,Defacto - XL / 42 Beden,Defacto Lacivert Gömlek Az Kullanılmış Online Satın Al,600.0,,False,Yeni & Etiketli,Lacivert,,Defacto Lacivert Gömlek Az Kullanılmış Online Satın Al,54,8,5,99,0,Ücretsiz Kargo,False,minnakiro,1322,False,2026-03-08T15:03:20.619668,20250712,kazak,Defacto,XL / 42 Beden,XL / 42 Beden,Yeni & Etiketli,3,True,False,False,0,Budget,2.41,0.0,1,1
https://dolap.com/urun/atmosphere-desenli-etek-az-kullanilmis-minnakiro-352983110,352983110,kazak,,Atmosphere - M / 38 Beden,Atmosphere Desenli Etek Az Kullanılmış Online Satın Al,120.0,,False,Yeni & Etiketli,Desenli,PAYLA,Atmosphere Desenli Etek Az Kullanılmış Online Satın Al,54,8,6,28,0,Alıcı Ödemeli Kargo,True,minnakiro,1322,False,2026-03-08T15:03:26.018620,20250712,kazak,Atmosphere,M / 38 Beden,PAYLA,Yeni & Etiketli,3,True,False,False,0,Budget,0.482,0.0,2,1
https://dolap.com/urun/diger-siyah-ofis-elbisesi-az-kullanilmis-minnakiro-387779055,387779055,kazak,,Diğer - M / 38 Beden,Diğer Siyah Ofis Elbisesi Az Kullanılmış Online Satın Al,160.0,,False,Az Kullanılmış,Siyah,PAYLA,Diğer Siyah Ofis Elbisesi Az Kullanılmış Online Satın Al,56,9,6,14,0,Alıcı Ödemeli Kargo,True,minnakiro,1322,False,2026-03-08T15:03:30.040886,20250712,kazak,Diğer,M / 38 Beden,PAYLA,Az Kullanılmış,1,True,False,False,0,Budget,0.643,0.0,2,1
https://dolap.com/urun/bsl-pembe-gomlek-az-kullanilmis-minnakiro-408107276,408107276,kazak,,BSL - M / 38 Beden,BSL Pembe Gömlek Az Kullanılmış Online Satın Al,130.0,,False,Az Kullanılmış,Pembe,PAYLA,BSL Pembe Gömlek Az Kullanılmış Online Satın Al,47,8,5,6,0,Alıcı Ödemeli Kargo,True,minnakiro,1322,False,2026-03-08T15:03:35.860059,20250712,kazak,BSL,M / 38 Beden,PAYLA,Az Kullanılmış,1,True,False,False,0,Budget,0.522,0.0,1,0
https://dolap.com/urun/mango-cizgili-gunluk-elbise-az-kullanilmis-minnakiro-406676326,406676326,kazak,,Mango - S / 36 Beden,Mango Çizgili Günlük Elbise Az Kullanılmış Online Satın Al,180.0,,False,Az Kullanılmış,Çizgili,PAYLA,Mango Çizgili Günlük Elbise Az Kullanılmış Online Satın Al,58,9,5,9,0,Alıcı Ödemeli Kargo,True,minnakiro,1322,False,2026-03-08T15:03:39.951741,20250712,kazak,Mango,S / 36 Beden,PAYLA,Az Kullanılmış,1,True,False,False,2,Mid-Range,0.723,0.0,1,0
https://dolap.com/urun/diger-desenli-ikili-takim-az-kullanilmis-minnakiro-411719445,411719445,kazak,,Diğer - M / 38 Beden,Diğer Desenli İkili Takım Az Kullanılmış Online Satın Al,190.0,,False,Yeni & Etiketli,Desenli,PAYLA,Diğer - M / 38 Beden,20,6,6,7,0,Alıcı Ödemeli Kargo,True,minnakiro,1322,False,2026-03-08T15:03:45.293420,20250712,kazak,Diğer,M / 38 Beden,PAYLA,Yeni & Etiketli,3,False,False,False,0,Budget,0.763,0.0,1,0
https://dolap.com/urun/bershka-haki-salopet-tulum-az-kullanilmis-minnakiro-390625138,390625138,kazak,,Bershka - XS / 34 Beden,Bershka Haki Salopet & Tulum Az Kullanılmış Online Satın Al,160.0,,False,Az Kullanılmış,Haki,PAYLA,Bershka - XS / 34 Beden,23,6,7,24,0,Alıcı Ödemeli Kargo,True,minnakiro,1322,False,2026-03-08T15:03:49.779459,20250712,kazak,Bershka,XS / 34 Beden,PAYLA,Az Kullanılmış,1,False,False,False,3,Premium,0.643,0.0,2,1
https://dolap.com/urun/accort-cicek-desenli-etek-az-kullanilmis-minnakiro-444664081,444664081,kazak,,Accort - L / 40 Beden,Accort Çiçek Desenli Etek Az Kullanılmış Online Satın Al,1500.0,,False,Az Kullanılmış,Çiçek Desenli,,Accort Çiçek Desenli Etek Az Kullanılmış Online Satın Al,56,9,8,116,0,Ücretsiz Kargo,False,minnakiro,1322,False,2026-03-08T15:03:54.331042,20250712,kazak,Accort,L / 40 Beden,L / 40 Beden,Az Kullanılmış,1,True,False,False,4,Luxury,6.024,0.0,1,1
https://dolap.com/urun/diger-cizgili-kazak-az-kullanilmis-minnakiro-445904457,445904457,kazak,,Diğer - Tek Ebat Beden,Diğer Çizgili Kazak Az Kullanılmış Online Satın Al,600.0,,False,Yeni & Etiketli,Çizgili,,Diğer Çizgili Kazak Az Kullanılmış Online Satın Al,50,8,6,69,0,Ücretsiz Kargo,False,minnakiro,1322,False,2026-03-08T15:03:58.575905,20250712,kazak,Diğer,Tek Ebat Beden,Tek Ebat Beden,Yeni & Etiketli,3,True,False,False,0,Budget,2.41,0.0,1,1
https://dolap.com/urun/diger-siyah-kazak-az-kullanilmis-minnakiro-445904421,445904421,kazak,,Diğer - M / 38 Beden,Diğer Siyah Kazak Az Kullanılmış Online Satın Al,650.0,,False,Yeni & Etiketli,Siyah,,Diğer Siyah Kazak Az Kullanılmış Online Satın Al,48,8,6,70,0,Ücretsiz Kargo,False,minnakiro,1322,False,2026-03-08T15:04:02.465931,20250712,kazak,Diğer,M / 38 Beden,M / 38 Beden,Yeni & Etiketli,3,True,False,False,0,Budget,2.61,0.0,1,1
https://dolap.com/urun/diger-beyaz-kazak-az-kullanilmis-minnakiro-445905200,445905200,kazak,,Diğer - L / 40 Beden,Diğer Beyaz Kazak Az Kullanılmış Online Satın Al,630.0,,False,Yeni & Etiketli,Beyaz,,Diğer Beyaz Kazak Az Kullanılmış Online Satın Al,48,8,6,104,0,Ücretsiz Kargo,False,minnakiro,1322,False,2026-03-08T15:04:07.088899,20250712,kazak,Diğer,L / 40 Beden,L / 40 Beden,Yeni & Etiketli,3,True,False,False,0,Budget,2.53,0.0,1,1
https://dolap.com/urun/koton-yesil-kazak-az-kullanilmis-minnakiro-445905363,445905363,kazak,,Koton - XL / 42 Beden,Koton Yeşil Kazak Az Kullanılmış Online Satın Al,630.0,,False,Yeni & Etiketli,Yeşil,,Koton Yeşil Kazak Az Kullanılmış Online Satın Al,48,8,6,101,0,Ücretsiz Kargo,False,minnakiro,1322,False,2026-03-08T15:04:11.773094,20250712,kazak,Koton,XL / 42 Beden,XL / 42 Beden,Yeni & Etiketli,3,True,False,False,0,Budget,2.53,0.0,1,1
https://dolap.com/urun/adil-isik-pembe-kazak-az-kullanilmis-minnakiro-445905625,445905625,kazak,,Adil Işık - S / 36 Beden,Adil Işık Pembe Kazak Az Kullanılmış Online Satın Al,700.0,,False,Yeni & Etiketli,Pembe,,Adil Işık Pembe Kazak Az Kullanılmış Online Satın Al,52,9,5,98,0,Ücretsiz Kargo,False,minnakiro,1322,False,2026-03-08T15:04:15.241844,20250712,kazak,Adil Işık,S / 36 Beden,S / 36 Beden,Yeni & Etiketli,3,True,False,False,3,Premium,2.811,0.0,1,1
https://dolap.com/urun/zara-siyah-t-shirt-az-kullanilmis-minnakiro-445562620,445562620,kazak,,Zara - S / 36 Beden,Zara Siyah T-Shirt Az Kullanılmış Online Satın Al,530.0,,False,Az Kullanılmış,Siyah,,"Rahat ve şık, fitilli kumaştan üretilmiş kısa kollu tişört. Günlük kullanım için ideal, kol ve etek ucu detayları ile dikkat çeker.",131,21,6,43,0,Ücretsiz Kargo,False,minnakiro,1322,False,2026-03-08T15:04:20.218668,20250712,kazak,Zara,S / 36 Beden,S / 36 Beden,Az Kullanılmış,1,False,False,False,2,Mid-Range,2.129,0.0,1,1
https://dolap.com/urun/diger-cizgili-kisa-elbise-az-kullanilmis-minnakiro-445722048,445722048,kazak,,Diğer - S / 36 Beden,Diğer Çizgili Kısa Elbise Az Kullanılmış Online Satın Al,600.0,,False,Az Kullanılmış,Çizgili,,Diğer Çizgili Kısa Elbise Az Kullanılmış Online Satın Al,56,9,6,35,0,Ücretsiz Kargo,False,minnakiro,1322,False,2026-03-08T15:04:24.111262,20250712,kazak,Diğer,S / 36 Beden,S / 36 Beden,Az Kullanılmış,1,True,False,False,0,Budget,2.41,0.0,1,1
https://dolap.com/urun/diger-siyah-pantolon-az-kullanilmis-minnakiro-445722496,445722496,kazak,,Diğer - S / 36 Beden,Diğer Siyah Pantolon Az Kullanılmış Online Satın Al,600.0,,False,Az Kullanılmış,Siyah,,Diğer Siyah Pantolon Az Kullanılmış Online Satın Al,51,8,5,68,0,Ücretsiz Kargo,False,minnakiro,1322,False,2026-03-08T15:04:27.007556,20250712,kazak,Diğer,S / 36 Beden,S / 36 Beden,Az Kullanılmış,1,True,False,False,0,Budget,2.41,0.0,1,1
https://dolap.com/urun/diger-gri-tayt-az-kullanilmis-minnakiro-445722423,445722423,kazak,,Diğer - M / 38 Beden,Diğer Gri Tayt Az Kullanılmış Online Satın Al,120.0,,False,Yeni & Etiketli,Gri,PAYLA,Diğer - M / 38 Beden,20,6,5,56,0,Alıcı Ödemeli Kargo,True,minnakiro,1322,False,2026-03-08T15:04:31.458327,20250712,kazak,Diğer,M / 38 Beden,PAYLA,Yeni & Etiketli,3,False,False,False,0,Budget,0.482,0.0,2,1
https://dolap.com/urun/diger-siyah-tunik-az-kullanilmis-minnakiro-445721985,445721985,kazak,,Diğer - L / 40 Beden,Diğer Siyah Tunik Az Kullanılmış Online Satın Al,130.0,,False,Az Kullanılmış,Siyah,PAYLA,Diğer - L / 40 Beden,20,6,5,73,0,Alıcı Ödemeli Kargo,True,minnakiro,1322,False,2026-03-08T15:04:35.895052,20250712,kazak,Diğer,L / 40 Beden,PAYLA,Az Kullanılmış,1,False,False,False,0,Budget,0.522,0.0,2,1
https://dolap.com/urun/diger-kiremit-kazak-az-kullanilmis-minnakiro-445721897,445721897,kazak,,Diğer - S / 36 Beden,Diğer Kiremit Kazak Az Kullanılmış Online Satın Al,600.0,,False,Az Kullanılmış,Kiremit,,Diğer Kiremit Kazak Az Kullanılmış Online Satın Al,50,8,5,81,0,Ücretsiz Kargo,False,minnakiro,1322,False,2026-03-08T15:04:40.292953,20250712,kazak,Diğer,S / 36 Beden,S / 36 Beden,Az Kullanılmış,1,True,False,False,0,Budget,2.41,0.0,1,1
https://dolap.com/urun/diger-yesil-sweatshirt-yeni-minnakiro-445722103,445722103,kazak,,Diğer - M / 38 Beden,Diğer Yeşil Sweatshirt Yeni Online Satın Al,600.0,,False,Yeni,Yeşil,,Diğer Yeşil Sweatshirt Yeni Online Satın Al,43,7,5,82,0,Ücretsiz Kargo,False,minnakiro,1322,False,2026-03-08T15:04:44.325595,20250712,kazak,Diğer,M / 38 Beden,M / 38 Beden,Yeni,2,True,False,False,0,Budget,2.41,0.0,1,1
https://dolap.com/urun/diger-beyaz-bluz-az-kullanilmis-minnakiro-409107772,409107772,kazak,,Diğer - S / 36 Beden,Diğer Beyaz Bluz Az Kullanılmış Online Satın Al,120.0,,False,Az Kullanılmış,Beyaz,PAYLA,Diğer - S / 36 Beden,20,6,4,11,0,Alıcı Ödemeli Kargo,True,minnakiro,1322,False,2026-03-08T15:04:48.183161,20250712,kazak,Diğer,S / 36 Beden,PAYLA,Az Kullanılmış,1,False,False,False,0,Budget,0.482,0.0,2,1
https://dolap.com/urun/paul-mark-bej-bluz-yeni-etiketli-minnakiro-385157804,385157804,kazak,,Paul Mark - M / 38 Beden,Paul Mark Bej Bluz Yeni & Etiketli Online Satın Al,800.0,,False,Yeni ve Etiketli,Bej,,Paul Mark Bej Bluz Yeni & Etiketli Online Satın Al,50,10,5,7,0,Ücretsiz Kargo,False,minnakiro,1322,False,2026-03-08T15:04:52.551586,20250712,kazak,Paul Mark,M / 38 Beden,M / 38 Beden,Yeni & Etiketli,3,True,False,False,4,Luxury,3.213,0.0,0,0
https://dolap.com/urun/diger-pembe-gomlek-az-kullanilmis-minnakiro-409108152,409108152,kazak,,Diğer - S / 36 Beden,Diğer Pembe Gömlek Az Kullanılmış Online Satın Al,120.0,,False,Az Kullanılmış,Pembe,PAYLA,Diğer Pembe Gömlek Az Kullanılmış Online Satın Al,49,8,4,8,0,Alıcı Ödemeli Kargo,True,minnakiro,1322,False,2026-03-08T15:04:56.877444,20250712,kazak,Diğer,S / 36 Beden,PAYLA,Az Kullanılmış,1,True,False,False,0,Budget,0.482,0.0,1,0
https://dolap.com/urun/koton-desenli-gunluk-elbise-az-kullanilmis-minnakiro-376030205,376030205,kazak,,Koton - S / 36 Beden,Koton Desenli Günlük Elbise Az Kullanılmış Online Satın Al,150.0,,False,Yeni & Etiketli,Desenli,PAYLA,Koton Desenli Günlük Elbise Az Kullanılmış Online Satın Al,58,9,6,12,0,Alıcı Ödemeli Kargo,True,minnakiro,1322,False,2026-03-08T15:05:00.577984,20250712,kazak,Koton,S / 36 Beden,PAYLA,Yeni & Etiketli,3,True,False,False,0,Budget,0.602,0.0,2,1
https://dolap.com/urun/diger-siyah-kazak-az-kullanilmis-minnakiro-430583121,430583121,kazak,,Diğer - XS / 34 Beden,Diğer Siyah Kazak Az Kullanılmış Online Satın Al,110.0,,False,Yeni & Etiketli,Siyah,PAYLA,Diğer Siyah Kazak Az Kullanılmış Online Satın Al,48,8,6,8,0,Alıcı Ödemeli Kargo,True,minnakiro,1322,False,2026-03-08T15:05:05.798522,20250712,kazak,Diğer,XS / 34 Beden,PAYLA,Yeni & Etiketli,3,True,False,False,0,Budget,0.442,0.0,1,0
https://dolap.com/urun/diger-yesil-bluz-az-kullanilmis-minnakiro-436089126,436089126,kazak,,Diğer - M / 38 Beden,Diğer Yeşil Bluz Az Kullanılmış Online Satın Al,170.0,,False,Az Kullanılmış,Yeşil,PAYLA,Diğer - M / 38 Beden,20,6,6,13,0,Alıcı Ödemeli Kargo,True,minnakiro,1322,False,2026-03-08T15:05:11.829214,20250712,kazak,Diğer,M / 38 Beden,PAYLA,Az Kullanılmış,1,False,False,False,0,Budget,0.683,0.0,2,1
https://dolap.com/urun/diger-bej-kazak-az-kullanilmis-minnakiro-438947294,438947294,kazak,,Diğer - S / 36 Beden,Diğer Bej Kazak Az Kullanılmış Online Satın Al,130.0,,False,Az Kullanılmış,Bej,PAYLA,Diğer Bej Kazak Az Kullanılmış Online Satın Al,46,8,5,7,0,Alıcı Ödemeli Kargo,True,minnakiro,1322,False,2026-03-08T15:05:17.911721,20250712,kazak,Diğer,S / 36 Beden,PAYLA,Az Kullanılmış,1,True,False,False,0,Budget,0.522,0.0,1,0
https://dolap.com/urun/sarar-krem-bluz-az-kullanilmis-minnakiro-415026139,415026139,kazak,,Sarar - L / 40 Beden,Sarar Krem Bluz Az Kullanılmış Online Satın Al,180.0,,False,Az Kullanılmış,Krem,PAYLA,Sarar - L / 40 Beden,20,6,6,9,0,Alıcı Ödemeli Kargo,True,minnakiro,1322,False,2026-03-08T15:05:20.706486,20250712,kazak,Sarar,L / 40 Beden,PAYLA,Az Kullanılmış,1,False,False,False,0,Budget,0.723,0.0,1,0
https://dolap.com/urun/koton-bej-bluz-az-kullanilmis-minnakiro-429915339,429915339,kazak,,Koton - L / 40 Beden,Koton Bej Bluz Az Kullanılmış Online Satın Al,135.0,,False,Az Kullanılmış,Bej,PAYLA,Koton - L / 40 Beden,20,6,9,10,0,Alıcı Ödemeli Kargo,True,minnakiro,1322,False,2026-03-08T15:05:28.331760,20250712,kazak,Koton,L / 40 Beden,PAYLA,Az Kullanılmış,1,False,False,False,0,Budget,0.542,0.0,2,1
https://dolap.com/urun/defacto-sari-sweatshirt-az-kullanilmis-minnakiro-434682617,434682617,kazak,,Defacto - S / 36 Beden,Defacto Sarı Sweatshirt Az Kullanılmış Online Satın Al,140.0,,False,Az Kullanılmış,Sarı,PAYLA,Defacto Sarı Sweatshirt Az Kullanılmış Online Satın Al,54,8,6,11,0,Alıcı Ödemeli Kargo,True,minnakiro,1322,False,2026-03-08T15:05:33.305474,20250712,kazak,Defacto,S / 36 Beden,PAYLA,Az Kullanılmış,1,True,False,False,0,Budget,0.562,0.0,2,1
https://dolap.com/urun/diger-yesil-kazak-az-kullanilmis-minnakiro-438792879,438792879,kazak,,Diğer - XS / 34 Beden,Diğer Yeşil Kazak Az Kullanılmış Online Satın Al,130.0,,False,Az Kullanılmış,Yeşil,PAYLA,Diğer Yeşil Kazak Az Kullanılmış Online Satın Al,48,8,5,11,0,Alıcı Ödemeli Kargo,True,minnakiro,1322,False,2026-03-08T15:05:37.553485,20250712,kazak,Diğer,XS / 34 Beden,PAYLA,Az Kullanılmış,1,True,False,False,0,Budget,0.522,0.0,2,1
https://dolap.com/urun/diger-sari-sweatshirt-az-kullanilmis-minnakiro-434223901,434223901,kazak,,Diğer - S / 36 Beden,Diğer Sarı Sweatshirt Az Kullanılmış Online Satın Al,162.0,,False,Az Kullanılmış,Sarı,PAYLA,Diğer Sarı Sweatshirt Az Kullanılmış Online Satın Al,52,8,6,11,0,Alıcı Ödemeli Kargo,True,minnakiro,1322,False,2026-03-08T15:05:42.731006,20250712,kazak,Diğer,S / 36 Beden,PAYLA,Az Kullanılmış,1,True,False,False,0,Budget,0.651,0.0,2,1
https://dolap.com/urun/diger-siyah-etek-az-kullanilmis-minnakiro-440182953,440182953,kazak,,Diğer - S / 36 Beden,Diğer Siyah Etek Az Kullanılmış Online Satın Al,140.0,,False,Az Kullanılmış,Siyah,PAYLA,Diğer Siyah Etek Az Kullanılmış Online Satın Al,47,8,4,6,0,Alıcı Ödemeli Kargo,True,minnakiro,1322,False,2026-03-08T15:05:45.986112,20250712,kazak,Diğer,S / 36 Beden,PAYLA,Az Kullanılmış,1,True,False,False,0,Budget,0.562,0.0,1,0
https://dolap.com/urun/diger-leopar-gomlek-az-kullanilmis-minnakiro-408529155,408529155,kazak,,Diğer - L / 40 Beden,Diğer Leopar Gömlek Az Kullanılmış Online Satın Al,130.0,,False,Az Kullanılmış,Leopar,PAYLA,Diğer Leopar Gömlek Az Kullanılmış Online Satın Al,50,8,6,15,0,Alıcı Ödemeli Kargo,True,minnakiro,1322,False,2026-03-08T15:05:50.533897,20250712,kazak,Diğer,L / 40 Beden,PAYLA,Az Kullanılmış,1,True,False,False,0,Budget,0.522,0.0,2,1
https://dolap.com/urun/adidas-bej-sneaker-yeni-etiketli-zelyaaa-445736907,445736907,kazak,,Adidas - 39.5 Numara,Adidas Bej Sneaker Yeni & Etiketli Online Satın Al,3550.0,4800.0,True,Yeni ve Etiketli,Bej,,Adidas Bej Sneaker Yeni & Etiketli Online Satın Al,50,9,6,0,0,Ücretsiz Kargo,False,zelyaaa,7,False,2026-03-08T15:05:56.296037,20250712,kazak,Adidas,39.5 Numara,39.5 Numara,Yeni & Etiketli,3,True,False,False,2,Mid-Range,14.257,26.0,0,0
https://dolap.com/urun/diger-gri-sirt-cantasi-yeni-zelyaaa-445867568,445867568,kazak,,Diğer,Diğer Gri Sırt Çantası Yeni Online Satın Al,8970.0,,False,Yeni & Etiketli,Gri,,Diğer Gri Sırt Çantası Yeni Online Satın Al,43,8,5,1,0,Ücretsiz Kargo,False,zelyaaa,7,False,2026-03-08T15:06:00.962651,20250712,kazak,Diğer,,,Yeni & Etiketli,3,True,False,False,0,Budget,36.024,0.0,0,0
https://dolap.com/urun/trend-pembe-gunluk-elbise-az-kullanilmis-zelyaaa-445845773,445845773,kazak,,Trend - XS / 34 Beden,Trend Pembe Günlük Elbise Az Kullanılmış Online Satın Al,298.0,,False,Yeni & Etiketli,Pembe,,Trend Pembe Günlük Elbise Az Kullanılmış Online Satın Al,56,9,5,0,0,Ücretsiz Kargo,False,zelyaaa,7,False,2026-03-08T15:06:05.350013,20250712,kazak,Trend,XS / 34 Beden,XS / 34 Beden,Yeni & Etiketli,3,True,False,False,1,Economy,1.197,0.0,0,0
https://dolap.com/urun/zara-krem-bustiyer-az-kullanilmis-zelyaaa-445849415,445849415,kazak,,Zara - S / 36 Beden,Zara Krem Büstiyer Az Kullanılmış Online Satın Al,330.0,,False,Yeni & Etiketli,Krem,,,0,0,4,4,0,Ücretsiz Kargo,False,zelyaaa,7,False,2026-03-08T15:06:09.018651,20250712,kazak,Zara,S / 36 Beden,S / 36 Beden,Yeni & Etiketli,3,True,False,False,2,Mid-Range,1.325,0.0,0,0
https://dolap.com/urun/koton-kiremit-gomlek-az-kullanilmis-zelyaaa-445847811,445847811,kazak,,Koton - S / 36 Beden,Koton Kiremit Gömlek Az Kullanılmış Online Satın Al,130.0,,False,Az Kullanılmış,Kiremit,,Koton Kiremit Gömlek Az Kullanılmış Online Satın Al,51,8,4,0,0,Ücretsiz Kargo,False,zelyaaa,7,False,2026-03-08T15:06:12.922900,20250712,kazak,Koton,S / 36 Beden,S / 36 Beden,Az Kullanılmış,1,True,False,False,0,Budget,0.522,0.0,1,0
https://dolap.com/urun/mango-leopar-t-shirt-az-kullanilmis-zelyaaa-445847244,445847244,kazak,,Mango - S / 36 Beden,Mango Leopar T-Shirt Az Kullanılmış Online Satın Al,145.0,,False,Az Kullanılmış,Leopar,PAYLA,Mango - S / 36 Beden,20,6,4,1,0,Alıcı Ödemeli Kargo,True,zelyaaa,7,False,2026-03-08T15:06:18.593768,20250712,kazak,Mango,S / 36 Beden,PAYLA,Az Kullanılmış,1,False,False,False,2,Mid-Range,0.582,0.0,1,0
https://dolap.com/urun/koton-cicek-desenli-bluz-az-kullanilmis-zelyaaa-445847107,445847107,kazak,,Koton - S / 36 Beden,Koton Çiçek Desenli Bluz Az Kullanılmış Online Satın Al,185.0,,False,Az Kullanılmış,Çiçek Desenli,,Koton - S / 36 Beden,20,6,4,0,0,Ücretsiz Kargo,False,zelyaaa,7,False,2026-03-08T15:06:22.270975,20250712,kazak,Koton,S / 36 Beden,S / 36 Beden,Az Kullanılmış,1,False,False,False,0,Budget,0.743,0.0,1,0
https://dolap.com/urun/diger-cizgili-uzun-elbise-az-kullanilmis-zelyaaa-445846689,445846689,kazak,,Diğer - S / 36 Beden,Diğer Çizgili Uzun Elbise Az Kullanılmış Online Satın Al,170.0,,False,Az Kullanılmış,Çizgili,,Diğer Çizgili Uzun Elbise Az Kullanılmış Online Satın Al,56,9,3,0,0,Ücretsiz Kargo,False,zelyaaa,7,False,2026-03-08T15:06:26.897482,20250712,kazak,Diğer,S / 36 Beden,S / 36 Beden,Az Kullanılmış,1,True,False,False,0,Budget,0.683,0.0,1,0
https://dolap.com/urun/koton-cok-renkli-gunluk-elbise-az-kullanilmis-zelyaaa-445846309,445846309,kazak,,Koton - XS / 34 Beden,Koton Çok Renkli Günlük Elbise Az Kullanılmış Online Satın Al,195.0,,False,Az Kullanılmış,Çok Renkli,,Koton Çok Renkli Günlük Elbise Az Kullanılmış Online Satın Al,61,10,4,0,0,Ücretsiz Kargo,False,zelyaaa,7,False,2026-03-08T15:06:32.041983,20250712,kazak,Koton,XS / 34 Beden,XS / 34 Beden,Az Kullanılmış,1,True,False,False,0,Budget,0.783,0.0,1,0
https://dolap.com/urun/lc-waikiki-lacivert-pardesu-trenckot-az-kullanilmis-zelyaaa-445845010,445845010,kazak,,LC Waikiki - L / 40 Beden,LC Waikiki Lacivert Pardesü & Trençkot Az Kullanılmış Online Satın Al,380.0,,False,Az Kullanılmış,Lacivert,,LC Waikiki - L / 40 Beden,25,7,5,0,0,Ücretsiz Kargo,False,zelyaaa,7,False,2026-03-08T15:06:35.812045,20250712,kazak,LC Waikiki,L / 40 Beden,L / 40 Beden,Az Kullanılmış,1,False,False,False,0,Budget,1.526,0.0,0,0
https://dolap.com/urun/mango-kirmizi-kisa-elbise-az-kullanilmis-zelyaaa-445774539,445774539,kazak,,Mango - XS/S Beden,Mango Kırmızı Kısa Elbise Az Kullanılmış Online Satın Al,450.0,,False,Yeni & Etiketli,Kırmızı,,Mango Kırmızı Kısa Elbise Az Kullanılmış Online Satın Al,56,9,5,1,0,Ücretsiz Kargo,False,zelyaaa,7,False,2026-03-08T15:06:38.681267,20250712,kazak,Mango,XS/S Beden,XS/S Beden,Yeni & Etiketli,3,True,False,False,2,Mid-Range,1.807,0.0,0,0
https://dolap.com/urun/trend-cizgili-kazak-az-kullanilmis-zelyaaa-445800944,445800944,kazak,,Trend - S / 36 Beden,Trend Çizgili Kazak Az Kullanılmış Online Satın Al,125.0,,False,Az Kullanılmış,Çizgili,,Trend Çizgili Kazak Az Kullanılmış Online Satın Al,50,8,4,0,0,Ücretsiz Kargo,False,zelyaaa,7,False,2026-03-08T15:06:43.369508,20250712,kazak,Trend,S / 36 Beden,S / 36 Beden,Az Kullanılmış,1,True,False,False,1,Economy,0.502,0.0,1,0
https://dolap.com/urun/stradivarius-haki-pantolon-az-kullanilmis-zelyaaa-445797459,445797459,kazak,,Stradivarius - S / 36 Beden,Stradivarius Haki Pantolon Az Kullanılmış Online Satın Al,330.0,,False,Yeni & Etiketli,Haki,,Stradivarius Haki Pantolon Az Kullanılmış Online Satın Al,57,8,4,2,0,Ücretsiz Kargo,False,zelyaaa,7,False,2026-03-08T15:06:48.064143,20250712,kazak,Stradivarius,S / 36 Beden,S / 36 Beden,Yeni & Etiketli,3,True,False,False,3,Premium,1.325,0.0,0,0
https://dolap.com/urun/mavi-fume-jeans-yeni-zelyaaa-445792788,445792788,kazak,,Mavi - S / 36 Beden,Mavi Füme Jeans Yeni Online Satın Al,540.0,,False,Yeni & Etiketli,Füme,,Mavi Füme Jeans Yeni Online Satın Al,36,7,5,0,0,Ücretsiz Kargo,False,zelyaaa,7,False,2026-03-08T15:06:51.741862,20250712,kazak,Mavi,S / 36 Beden,S / 36 Beden,Yeni & Etiketli,3,True,False,False,2,Mid-Range,2.169,0.0,0,0
https://dolap.com/urun/diger-desenli-pantolon-az-kullanilmis-zelyaaa-445792048,445792048,kazak,,Diğer - S / 36 Beden,Diğer Desenli Pantolon Az Kullanılmış Online Satın Al,110.0,,False,Yeni & Etiketli,Desenli,,Diğer Desenli Pantolon Az Kullanılmış Online Satın Al,53,8,4,0,0,Ücretsiz Kargo,False,zelyaaa,7,False,2026-03-08T15:06:56.152229,20250712,kazak,Diğer,S / 36 Beden,S / 36 Beden,Yeni & Etiketli,3,True,False,False,0,Budget,0.442,0.0,1,0
https://dolap.com/urun/mavi-mavi-jeans-yeni-zelyaaa-445790940,445790940,kazak,,Mavi - S / 36 Beden,Mavi Mavi Jeans Yeni Online Satın Al,550.0,,False,Yeni & Etiketli,Mavi,,Mavi Mavi Jeans Yeni Online Satın Al,36,7,6,0,0,Ücretsiz Kargo,False,zelyaaa,7,False,2026-03-08T15:07:01.680715,20250712,kazak,Mavi,S / 36 Beden,S / 36 Beden,Yeni & Etiketli,3,True,False,False,2,Mid-Range,2.209,0.0,0,0
https://dolap.com/urun/trend-cicek-desenli-bluz-yeni-zelyaaa-445781023,445781023,kazak,,Trend - XS / 34 Beden,Trend Çiçek Desenli Bluz Yeni Online Satın Al,160.0,,False,Yeni,Çiçek Desenli,,Trend Çiçek Desenli Bluz Yeni Online Satın Al,45,8,4,0,0,Ücretsiz Kargo,False,zelyaaa,7,False,2026-03-08T15:07:05.723940,20250712,kazak,Trend,XS / 34 Beden,XS / 34 Beden,Yeni,2,True,False,False,1,Economy,0.643,0.0,1,0
https://dolap.com/urun/koton-bej-jeans-az-kullanilmis-zelyaaa-445784850,445784850,kazak,,Koton - XS / 34 Beden,Koton Bej Jeans Az Kullanılmış Online Satın Al,290.0,,False,Yeni & Etiketli,Bej,,Koton - XS / 34 Beden,21,6,5,0,0,Ücretsiz Kargo,False,zelyaaa,7,False,2026-03-08T15:07:10.430037,20250712,kazak,Koton,XS / 34 Beden,XS / 34 Beden,Yeni & Etiketli,3,False,False,False,0,Budget,1.165,0.0,0,0
https://dolap.com/urun/koton-pembe-pantolon-az-kullanilmis-zelyaaa-445785921,445785921,kazak,,Koton - S / 36 Beden,Koton Pembe Pantolon Az Kullanılmış Online Satın Al,220.0,,False,Az Kullanılmış,Pembe,,Koton Pembe Pantolon Az Kullanılmış Online Satın Al,51,8,5,1,0,Ücretsiz Kargo,False,zelyaaa,7,False,2026-03-08T15:07:13.325235,20250712,kazak,Koton,S / 36 Beden,S / 36 Beden,Az Kullanılmış,1,True,False,False,0,Budget,0.884,0.0,1,0
https://dolap.com/urun/h-m-nar-cicegi-bluz-yeni-zelyaaa-445749151,445749151,kazak,,H&M - S / 36 Beden,H&M Nar Çiçeği Bluz Yeni Online Satın Al,310.0,,False,Yeni,Nar Çiçeği,,H&M Nar Çiçeği Bluz Yeni Online Satın Al,40,8,4,0,0,Ücretsiz Kargo,False,zelyaaa,7,False,2026-03-08T15:07:16.198312,20250712,kazak,H&M,S / 36 Beden,S / 36 Beden,Yeni,2,True,False,False,1,Economy,1.245,0.0,0,0
https://dolap.com/urun/koton-pembe-bluz-az-kullanilmis-zelyaaa-445749198,445749198,kazak,,Koton - XS / 34 Beden,Koton Pembe Bluz Az Kullanılmış Online Satın Al,250.0,,False,Yeni & Etiketli,Pembe,,Koton - XS / 34 Beden,21,6,4,1,0,Ücretsiz Kargo,False,zelyaaa,7,False,2026-03-08T15:07:20.017497,20250712,kazak,Koton,XS / 34 Beden,XS / 34 Beden,Yeni & Etiketli,3,False,False,False,0,Budget,1.004,0.0,0,0
https://dolap.com/urun/primark-taba-kazak-az-kullanilmis-zelyaaa-445751350,445751350,kazak,,Primark - XXS / 32 Beden,Primark Taba Kazak Az Kullanılmış Online Satın Al,210.0,,False,Az Kullanılmış,Taba,PAYLA,Primark Taba Kazak Az Kullanılmış Online Satın Al,49,8,4,0,0,Alıcı Ödemeli Kargo,True,zelyaaa,7,False,2026-03-08T15:07:23.424302,20250712,kazak,Primark,XXS / 32 Beden,PAYLA,Az Kullanılmış,1,True,False,False,1,Economy,0.843,0.0,1,0
https://dolap.com/urun/trend-pembe-kazak-az-kullanilmis-zelyaaa-445752019,445752019,kazak,,Trend - XS / 34 Beden,Trend Pembe Kazak Az Kullanılmış Online Satın Al,220.0,,False,Yeni & Etiketli,Pembe,PAYLA,Trend Pembe Kazak Az Kullanılmış Online Satın Al,48,8,4,0,0,Alıcı Ödemeli Kargo,True,zelyaaa,7,False,2026-03-08T15:07:27.219875,20250712,kazak,Trend,XS / 34 Beden,PAYLA,Yeni & Etiketli,3,True,False,False,1,Economy,0.884,0.0,1,0
https://dolap.com/urun/mango-yesil-kazak-az-kullanilmis-zelyaaa-445753774,445753774,kazak,,Mango - L / 40 Beden,Mango Yeşil Kazak Az Kullanılmış Online Satın Al,260.0,,False,Az Kullanılmış,Yeşil,,Mango Yeşil Kazak Az Kullanılmış Online Satın Al,48,8,4,1,0,Ücretsiz Kargo,False,zelyaaa,7,False,2026-03-08T15:07:31.380297,20250712,kazak,Mango,L / 40 Beden,L / 40 Beden,Az Kullanılmış,1,True,False,False,2,Mid-Range,1.044,0.0,0,0
https://dolap.com/urun/trend-pudra-kazak-az-kullanilmis-zelyaaa-445754185,445754185,kazak,,Trend - S / 36 Beden,Trend Pudra Kazak Az Kullanılmış Online Satın Al,260.0,,False,Az Kullanılmış,Pudra,,Trend Pudra Kazak Az Kullanılmış Online Satın Al,48,8,4,1,0,Ücretsiz Kargo,False,zelyaaa,7,False,2026-03-08T15:07:35.122839,20250712,kazak,Trend,S / 36 Beden,S / 36 Beden,Az Kullanılmış,1,True,False,False,1,Economy,1.044,0.0,0,0
https://dolap.com/urun/h-m-siyah-t-shirt-az-kullanilmis-zelyaaa-445757722,445757722,kazak,,H&M - S / 36 Beden,H&M Siyah T-Shirt Az Kullanılmış Online Satın Al,230.0,,False,Yeni & Etiketli,Siyah,,,0,0,3,1,0,Ücretsiz Kargo,False,zelyaaa,7,False,2026-03-08T15:07:38.374554,20250712,kazak,H&M,S / 36 Beden,S / 36 Beden,Yeni & Etiketli,3,True,False,False,1,Economy,0.924,0.0,1,0
https://dolap.com/urun/defacto-pembe-kazak-az-kullanilmis-zelyaaa-445759734,445759734,kazak,,Defacto - XS / 34 Beden,Defacto Pembe Kazak Az Kullanılmış Online Satın Al,160.0,,False,Az Kullanılmış,Pembe,PAYLA,Defacto Pembe Kazak Az Kullanılmış Online Satın Al,50,8,4,0,0,Alıcı Ödemeli Kargo,True,zelyaaa,7,False,2026-03-08T15:07:42.814706,20250712,kazak,Defacto,XS / 34 Beden,PAYLA,Az Kullanılmış,1,True,False,False,0,Budget,0.643,0.0,1,0
https://dolap.com/urun/trend-cok-renkli-gunluk-elbise-az-kullanilmis-zelyaaa-445760454,445760454,kazak,,Trend - S / 36 Beden,Trend Çok Renkli Günlük Elbise Az Kullanılmış Online Satın Al,210.0,,False,Az Kullanılmış,Çok Renkli,PAYLA,Trend Çok Renkli Günlük Elbise Az Kullanılmış Online Satın Al,61,10,4,1,0,Alıcı Ödemeli Kargo,True,zelyaaa,7,False,2026-03-08T15:07:45.673762,20250712,kazak,Trend,S / 36 Beden,PAYLA,Az Kullanılmış,1,True,False,False,1,Economy,0.843,0.0,1,0
https://dolap.com/urun/trend-cicek-desenli-gunluk-elbise-az-kullanilmis-zelyaaa-445760792,445760792,kazak,,Trend - S / 36 Beden,Trend Çiçek Desenli Günlük Elbise Az Kullanılmış Online Satın Al,230.0,,False,Az Kullanılmış,Çiçek Desenli,,Trend Çiçek Desenli Günlük Elbise Az Kullanılmış Online Satın Al,64,10,4,1,0,Ücretsiz Kargo,False,zelyaaa,7,False,2026-03-08T15:07:49.131300,20250712,kazak,Trend,S / 36 Beden,S / 36 Beden,Az Kullanılmış,1,True,False,False,1,Economy,0.924,0.0,1,0
https://dolap.com/urun/trend-cicek-desenli-gunluk-elbise-az-kullanilmis-zelyaaa-445761506,445761506,kazak,,Trend - S / 36 Beden,Trend Çiçek Desenli Günlük Elbise Az Kullanılmış Online Satın Al,220.0,,False,Az Kullanılmış,Çiçek Desenli,,Trend Çiçek Desenli Günlük Elbise Az Kullanılmış Online Satın Al,64,10,4,1,0,Ücretsiz Kargo,False,zelyaaa,7,False,2026-03-08T15:07:52.930956,20250712,kazak,Trend,S / 36 Beden,S / 36 Beden,Az Kullanılmış,1,True,False,False,1,Economy,0.884,0.0,1,0
https://dolap.com/urun/stradivarius-siyah-blazer-ceket-yeni-zelyaaa-445766029,445766029,kazak,,Stradivarius - XS / 34 Beden,Stradivarius Siyah Blazer / Ceket Yeni Online Satın Al,1200.0,,False,Yeni & Etiketli,Siyah,,Stradivarius Siyah Blazer / Ceket Yeni Online Satın Al,54,9,5,1,0,Ücretsiz Kargo,False,zelyaaa,7,False,2026-03-08T15:07:56.864531,20250712,kazak,Stradivarius,XS / 34 Beden,XS / 34 Beden,Yeni & Etiketli,3,True,False,False,3,Premium,4.819,0.0,0,0
https://dolap.com/urun/pull-bear-gri-kot-ceket-az-kullanilmis-zelyaaa-445766562,445766562,kazak,,Pull & Bear - S / 36 Beden,Pull & Bear Gri Kot Ceket Az Kullanılmış Online Satın Al,455.0,,False,Az Kullanılmış,Gri,,Pull & Bear - S / 36 Beden,26,8,5,0,0,Ücretsiz Kargo,False,zelyaaa,7,False,2026-03-08T15:08:00.282900,20250712,kazak,Pull & Bear,S / 36 Beden,S / 36 Beden,Az Kullanılmış,1,False,False,False,4,Luxury,1.827,0.0,0,0
https://dolap.com/urun/koton-haki-kaban-az-kullanilmis-zelyaaa-445766891,445766891,kazak,,Koton - S / 36 Beden,Koton Haki Kaban Az Kullanılmış Online Satın Al,370.0,,False,Az Kullanılmış,Haki,,Koton - S / 36 Beden,20,6,5,0,0,Ücretsiz Kargo,False,zelyaaa,7,False,2026-03-08T15:08:04.045602,20250712,kazak,Koton,S / 36 Beden,S / 36 Beden,Az Kullanılmış,1,False,False,False,0,Budget,1.486,0.0,0,0
https://dolap.com/urun/bambi-siyah-bot-bootie-az-kullanilmis-zelyaaa-445767835,445767835,kazak,,Bambi - 38 Numara,Bambi Siyah Bot & Bootie Az Kullanılmış Online Satın Al,330.0,,False,Az Kullanılmış,Siyah,,Bambi Siyah Bot & Bootie Az Kullanılmış Online Satın Al,55,10,5,1,0,Ücretsiz Kargo,False,zelyaaa,7,False,2026-03-08T15:08:09.647432,20250712,kazak,Bambi,38 Numara,38 Numara,Az Kullanılmış,1,True,False,False,2,Mid-Range,1.325,0.0,0,0
https://dolap.com/urun/koton-bej-abiye-canta-az-kullanilmis-zelyaaa-445770597,445770597,kazak,,Koton,Koton Bej Abiye Çanta Az Kullanılmış Online Satın Al,190.0,,False,Az Kullanılmış,Bej,,Koton Bej Abiye Çanta Az Kullanılmış Online Satın Al,52,9,5,0,0,Ücretsiz Kargo,False,zelyaaa,7,False,2026-03-08T15:08:13.534795,20250712,kazak,Koton,,,Az Kullanılmış,1,True,False,False,0,Budget,0.763,0.0,1,0
https://dolap.com/urun/trend-siyah-gunluk-elbise-az-kullanilmis-zelyaaa-445775807,445775807,kazak,,Trend - S / 36 Beden,Trend Siyah Günlük Elbise Az Kullanılmış Online Satın Al,135.0,,False,Az Kullanılmış,Siyah,,Trend Siyah Günlük Elbise Az Kullanılmış Online Satın Al,56,9,4,0,0,Ücretsiz Kargo,False,zelyaaa,7,False,2026-03-08T15:08:16.182457,20250712,kazak,Trend,S / 36 Beden,S / 36 Beden,Az Kullanılmış,1,True,False,False,1,Economy,0.542,0.0,1,0
https://dolap.com/urun/mango-lacivert-kot-ceket-az-kullanilmis-karyatug-329897262,329897262,kazak,,Mango - XS / 34 Beden,Mango Lacivert Kot Ceket Az Kullanılmış Online Satın Al,750.0,3000.0,True,Az Kullanılmış,Lacivert,,Mango - XS / 34 Beden,21,6,7,8,0,Ücretsiz Kargo,False,karyatug,256,False,2026-03-08T15:08:19.738904,20250712,kazak,Mango,XS / 34 Beden,XS / 34 Beden,Az Kullanılmış,1,False,False,False,2,Mid-Range,3.012,75.0,0,0
https://dolap.com/urun/bershka-pudra-babet-az-kullanilmis-karyatug-445967100,445967100,kazak,,Bershka - 35 Numara,Bershka Pudra Babet Az Kullanılmış Online Satın Al,650.0,1200.0,True,Yeni & Etiketli,Pudra,,"Şık ve rahat pudra rengi file babet ayakkabı. Günlük kullanım için ideal, zarif tasarımıyla dikkat çeker. Ayarlanabilir tokaları ile konforlu bir kullanım sunar.",161,23,5,1,0,Ücretsiz Kargo,False,karyatug,256,False,2026-03-08T15:08:23.607760,20250712,kazak,Bershka,35 Numara,35 Numara,Yeni & Etiketli,3,False,False,False,3,Premium,2.61,45.8,0,0
https://dolap.com/urun/diger-bej-hediyelikler-yeni-karyatug-174250705,174250705,kazak,,Diğer,Diğer Bej Hediyelikler Yeni Online Satın Al,100.0,,False,Yeni,Bej,,Diğer Bej Hediyelikler Yeni Online Satın Al,43,7,6,8,0,Alıcı Ödemeli Kargo,True,karyatug,256,False,2026-03-08T15:08:28.171565,20250712,kazak,Diğer,,,Yeni,2,True,False,False,0,Budget,0.402,0.0,1,0
https://dolap.com/urun/diger-lacivert-kisa-elbise-az-kullanilmis-karyatug-194724414,194724414,kazak,,Diğer - XL / 42 Beden,Diğer Lacivert Kısa Elbise Az Kullanılmış Online Satın Al,1400.0,,False,Az Kullanılmış,Lacivert,,Diğer Lacivert Kısa Elbise Az Kullanılmış Online Satın Al,57,9,7,17,0,Ücretsiz Kargo,False,karyatug,256,False,2026-03-08T15:08:31.017951,20250712,kazak,Diğer,XL / 42 Beden,XL / 42 Beden,Az Kullanılmış,1,True,False,False,0,Budget,5.622,0.0,1,1
https://dolap.com/urun/twist-yesil-pantolon-az-kullanilmis-karyatug-215365006,215365006,kazak,,Twist - M / 38 Beden,Twist Yeşil Pantolon Az Kullanılmış Online Satın Al,550.0,,False,Az Kullanılmış,Yeşil,,Twist Yeşil Pantolon Az Kullanılmış Online Satın Al,51,8,6,9,0,Ücretsiz Kargo,False,karyatug,256,False,2026-03-08T15:08:34.297959,20250712,kazak,Twist,M / 38 Beden,M / 38 Beden,Az Kullanılmış,1,True,False,False,3,Premium,2.209,0.0,0,0
https://dolap.com/urun/twist-lacivert-bluz-az-kullanilmis-karyatug-263613615,263613615,kazak,,Twist - S / 36 Beden,Twist Lacivert Bluz Az Kullanılmış Online Satın Al,600.0,,False,Yeni & Etiketli,Lacivert,,Twist - S / 36 Beden,20,6,7,18,0,Ücretsiz Kargo,False,karyatug,256,False,2026-03-08T15:08:40.522847,20250712,kazak,Twist,S / 36 Beden,S / 36 Beden,Yeni & Etiketli,3,False,False,False,3,Premium,2.41,0.0,1,1
https://dolap.com/urun/roman-kahverengi-hirka-az-kullanilmis-karyatug-341568102,341568102,kazak,,Roman - S / 36 Beden,Roman Kahverengi Hırka Az Kullanılmış Online Satın Al,350.0,,False,Az Kullanılmış,Kahverengi,,Roman - S / 36 Beden,20,6,4,17,0,Ücretsiz Kargo,False,karyatug,256,False,2026-03-08T15:08:44.021605,20250712,kazak,Roman,S / 36 Beden,S / 36 Beden,Az Kullanılmış,1,False,False,False,2,Mid-Range,1.406,0.0,1,1
https://dolap.com/urun/twist-gri-jeans-az-kullanilmis-karyatug-345962181,345962181,kazak,,Twist - XS / 34 Beden,Twist Gri Jeans Az Kullanılmış Online Satın Al,400.0,,False,Yeni & Etiketli,Gri,,Twist - XS / 34 Beden,21,6,7,3,0,Ücretsiz Kargo,False,karyatug,256,False,2026-03-08T15:08:48.279390,20250712,kazak,Twist,XS / 34 Beden,XS / 34 Beden,Yeni & Etiketli,3,False,False,False,3,Premium,1.606,0.0,0,0
https://dolap.com/urun/twist-siyah-kazak-az-kullanilmis-karyatug-416309781,416309781,kazak,,Twist - S / 36 Beden,Twist Siyah Kazak Az Kullanılmış Online Satın Al,500.0,,False,Az Kullanılmış,Siyah,,Twist Siyah Kazak Az Kullanılmış Online Satın Al,48,8,5,3,0,Ücretsiz Kargo,False,karyatug,256,False,2026-03-08T15:08:51.412136,20250712,kazak,Twist,S / 36 Beden,S / 36 Beden,Az Kullanılmış,1,True,False,False,3,Premium,2.008,0.0,0,0
https://dolap.com/urun/us-polo-assn-gri-gomlek-yeni-etiketli-karyatug-385215433,385215433,kazak,,U.S. Polo Assn. - L / 40 Beden,U.S. Polo Assn. Gri Gömlek Yeni & Etiketli Online Satın Al,950.0,,False,Yeni ve Etiketli,Gri,,U.S. Polo Assn. Gri Gömlek Yeni & Etiketli Online Satın Al,58,11,5,11,0,Ücretsiz Kargo,False,karyatug,256,False,2026-03-08T15:08:56.123797,20250712,kazak,U.S. Polo Assn.,L / 40 Beden,L / 40 Beden,Yeni & Etiketli,3,True,False,False,1,Economy,3.815,0.0,1,1
https://dolap.com/urun/nine-west-lacivert-bot-bootie-az-kullanilmis-karyatug-278548697,278548697,kazak,,Nine West - 35 Numara,Nine West Lacivert Bot & Bootie Az Kullanılmış Online Satın Al,550.0,,False,Az Kullanılmış,Lacivert,,Nine West Lacivert Bot & Bootie Az Kullanılmış Online Satın Al,62,11,5,9,0,Ücretsiz Kargo,False,karyatug,256,False,2026-03-08T15:09:00.467759,20250712,kazak,Nine West,35 Numara,35 Numara,Az Kullanılmış,1,True,False,False,3,Premium,2.209,0.0,0,0
https://dolap.com/urun/diger-gumus-dekoratif-aksesuar-az-kullanilmis-karyatug-328876595,328876595,kazak,,Diğer,Diğer Gümüş Dekoratif Aksesuar Az Kullanılmış Online Satın Al,2000.0,6000.0,True,Az Kullanılmış,Gümüş,,Merhabalar erkek takım elbise beğenmişsiniz almayı düşünürseniz sayfamda mevcut uygun fiyatlıdır bakabilirsiniz,111,12,3,18,0,Ücretsiz Kargo,False,karyatug,256,False,2026-03-08T15:09:03.472326,20250712,kazak,Diğer,,,Az Kullanılmış,1,False,False,False,0,Budget,8.032,66.7,1,1
https://dolap.com/urun/mango-bej-pelus-kurk-yeni-karyatug-329898787,329898787,kazak,,Mango - XS / 34 Beden,Mango Bej Peluş Kürk Yeni Online Satın Al,2500.0,,False,Yeni,Bej,,Mango Bej Peluş Kürk Yeni Online Satın Al,41,8,8,65,0,Ücretsiz Kargo,False,karyatug,256,False,2026-03-08T15:09:06.771358,20250712,kazak,Mango,XS / 34 Beden,XS / 34 Beden,Yeni,2,True,False,False,2,Mid-Range,10.04,0.0,1,1
https://dolap.com/urun/lc-waikiki-turuncu-gomlek-az-kullanilmis-karyatug-344491673,344491673,kazak,,LC Waikiki - M / 38 Beden,LC Waikiki Turuncu Gömlek Az Kullanılmış Online Satın Al,190.0,900.0,True,Az Kullanılmış,Turuncu,PAYLA,LC Waikiki Turuncu Gömlek Az Kullanılmış Online Satın Al,56,9,3,5,0,Alıcı Ödemeli Kargo,True,karyatug,256,False,2026-03-08T15:09:10.759400,20250712,kazak,LC Waikiki,M / 38 Beden,PAYLA,Az Kullanılmış,1,True,False,False,0,Budget,0.763,78.9,1,0
https://dolap.com/urun/twist-fusya-gomlek-az-kullanilmis-karyatug-358303272,358303272,kazak,,Twist - XS / 34 Beden,Twist Fuşya Gömlek Az Kullanılmış Online Satın Al,950.0,3500.0,True,Az Kullanılmış,Fuşya,,Twist Fuşya Gömlek Az Kullanılmış Online Satın Al,49,8,5,5,0,Ücretsiz Kargo,False,karyatug,256,False,2026-03-08T15:09:16.000177,20250712,kazak,Twist,XS / 34 Beden,XS / 34 Beden,Az Kullanılmış,1,True,False,False,3,Premium,3.815,72.9,0,0
https://dolap.com/urun/polo-garage-pudra-hirka-az-kullanilmis-karyatug-369611854,369611854,kazak,,Polo Garage - S / 36 Beden,Polo Garage Pudra Hırka Az Kullanılmış Online Satın Al,500.0,2000.0,True,Yeni & Etiketli,Pudra,,Polo Garage - S / 36 Beden,26,7,4,22,0,Ücretsiz Kargo,False,karyatug,256,False,2026-03-08T15:09:18.992322,20250712,kazak,Polo Garage,S / 36 Beden,S / 36 Beden,Yeni & Etiketli,3,False,False,False,2,Mid-Range,2.008,75.0,1,1
https://dolap.com/urun/pull-bear-kahverengi-pelus-kurk-yeni-etiketli-karyatug-382425717,382425717,kazak,,Pull & Bear - M / 38 Beden,Pull & Bear Kahverengi Peluş Kürk Yeni & Etiketli Online Satın Al,1750.0,,False,Yeni ve Etiketli,Kahverengi,,Pull & Bear Kahverengi Peluş Kürk Yeni & Etiketli Online Satın Al,65,12,6,68,0,Ücretsiz Kargo,False,karyatug,256,False,2026-03-08T15:09:21.406562,20250712,kazak,Pull & Bear,M / 38 Beden,M / 38 Beden,Yeni & Etiketli,3,True,False,False,4,Luxury,7.028,0.0,1,1
https://dolap.com/urun/diger-kirmizi-kisisel-gelisim-psikoloji-az-kullanilmis-karyatug-385241288,385241288,kazak,,Diğer,Diğer Kırmızı Kişisel Gelişim & Psikoloji Az Kullanılmış Online Satın Al,60.0,,False,Az Kullanılmış,Kırmızı,,,0,0,4,3,0,Alıcı Ödemeli Kargo,True,karyatug,256,False,2026-03-08T15:09:25.298892,20250712,kazak,Diğer,,,Az Kullanılmış,1,True,False,False,0,Budget,0.241,0.0,1,0
https://dolap.com/urun/h-m-cok-renkli-blazer-ceket-az-kullanilmis-karyatug-387985180,387985180,kazak,,H&M - S / 36 Beden,H&M Çok Renkli Blazer / Ceket Az Kullanılmış Online Satın Al,1400.0,3000.0,True,Az Kullanılmış,Çok Renkli,,H&M Çok Renkli Blazer / Ceket Az Kullanılmış Online Satın Al,60,11,5,7,0,Ücretsiz Kargo,False,karyatug,256,False,2026-03-08T15:09:29.225825,20250712,kazak,H&M,S / 36 Beden,S / 36 Beden,Az Kullanılmış,1,True,False,False,1,Economy,5.622,53.3,0,0
https://dolap.com/urun/twist-yesil-pantolon-az-kullanilmis-karyatug-388659273,388659273,kazak,,Twist - XS / 34 Beden,Twist Yeşil Pantolon Az Kullanılmış Online Satın Al,1200.0,,False,Yeni & Etiketli,Yeşil,,Twist Yeşil Pantolon Az Kullanılmış Online Satın Al,51,8,6,13,0,Ücretsiz Kargo,False,karyatug,256,False,2026-03-08T15:09:33.056624,20250712,kazak,Twist,XS / 34 Beden,XS / 34 Beden,Yeni & Etiketli,3,True,False,False,3,Premium,4.819,0.0,1,1
https://dolap.com/urun/stradivarius-pembe-blazer-ceket-az-kullanilmis-karyatug-396362903,396362903,kazak,,Stradivarius - XS / 34 Beden,Stradivarius Pembe Blazer / Ceket Az Kullanılmış Online Satın Al,1000.0,,False,Yeni & Etiketli,Pembe,,Stradivarius - XS / 34 Beden,28,6,5,11,0,Ücretsiz Kargo,False,karyatug,256,False,2026-03-08T15:09:35.917661,20250712,kazak,Stradivarius,XS / 34 Beden,XS / 34 Beden,Yeni & Etiketli,3,False,False,False,3,Premium,4.016,0.0,1,1
https://dolap.com/urun/oxxo-krem-askili-canta-az-kullanilmis-karyatug-396400468,396400468,kazak,,OXXO,OXXO Krem Askılı Çanta Az Kullanılmış Online Satın Al,450.0,,False,Az Kullanılmış,Krem,,OXXO Krem Askılı Çanta Az Kullanılmış Online Satın Al,53,9,5,10,0,Ücretsiz Kargo,False,karyatug,256,False,2026-03-08T15:09:40.270011,20250712,kazak,OXXO,,,Az Kullanılmış,1,True,False,False,1,Economy,1.807,0.0,1,1
https://dolap.com/urun/twist-nar-cicegi-gunluk-elbise-az-kullanilmis-karyatug-398472505,398472505,kazak,,Twist - S / 36 Beden,Twist Nar Çiçeği Günlük Elbise Az Kullanılmış Online Satın Al,850.0,,False,Yeni & Etiketli,Nar Çiçeği,,Twist Nar Çiçeği Günlük Elbise Az Kullanılmış Online Satın Al,61,10,3,3,0,Ücretsiz Kargo,False,karyatug,256,False,2026-03-08T15:09:44.645409,20250712,kazak,Twist,S / 36 Beden,S / 36 Beden,Yeni & Etiketli,3,True,False,False,3,Premium,3.414,0.0,0,0
https://dolap.com/urun/diger-siyah-sapka-yeni-karyatug-402912860,402912860,kazak,,Diğer,Diğer Siyah Şapka Yeni Online Satın Al,300.0,,False,Yeni,Siyah,,Diğer Siyah Şapka Yeni Online Satın Al,38,7,4,4,0,Ücretsiz Kargo,False,karyatug,256,False,2026-03-08T15:09:48.152358,20250712,kazak,Diğer,,,Yeni,2,True,False,False,0,Budget,1.205,0.0,0,0
https://dolap.com/urun/diger-siyah-sapka-yeni-karyatug-402765230,402765230,kazak,,Diğer,Diğer Siyah Şapka Yeni Online Satın Al,300.0,,False,Yeni & Etiketli,Siyah,,Diğer Siyah Şapka Yeni Online Satın Al,38,7,5,26,0,Ücretsiz Kargo,False,karyatug,256,False,2026-03-08T15:09:52.945943,20250712,kazak,Diğer,,,Yeni & Etiketli,3,True,False,False,0,Budget,1.205,0.0,1,1
https://dolap.com/urun/koton-beyaz-kisa-elbise-az-kullanilmis-karyatug-406333310,406333310,kazak,,Koton - XS / 34 Beden,Koton Beyaz Kısa Elbise Az Kullanılmış Online Satın Al,249.0,5000.0,True,Az Kullanılmış,Beyaz,PAYLA,Koton Beyaz Kısa Elbise Az Kullanılmış Online Satın Al,54,9,6,4,0,Alıcı Ödemeli Kargo,True,karyatug,256,False,2026-03-08T15:09:56.899295,20250712,kazak,Koton,XS / 34 Beden,PAYLA,Az Kullanılmış,1,True,False,False,0,Budget,1.0,95.0,1,0
https://dolap.com/urun/penti-haki-mayo-az-kullanilmis-karyatug-406332726,406332726,kazak,,Penti - 34 Beden,Penti Haki Mayo Az Kullanılmış Online Satın Al,400.0,2000.0,True,Az Kullanılmış,Haki,,,0,0,4,19,0,Ücretsiz Kargo,False,karyatug,256,False,2026-03-08T15:10:02.279135,20250712,kazak,Penti,34 Beden,34 Beden,Az Kullanılmış,1,True,False,False,1,Economy,1.606,80.0,1,1
https://dolap.com/urun/twist-pembe-sneaker-az-kullanilmis-karyatug-406747118,406747118,kazak,,Twist - 37 Numara,Twist Pembe Sneaker Az Kullanılmış Online Satın Al,750.0,,False,Az Kullanılmış,Pembe,,,0,0,7,7,0,Ücretsiz Kargo,False,karyatug,256,False,2026-03-08T15:10:07.733857,20250712,kazak,Twist,37 Numara,37 Numara,Az Kullanılmış,1,True,False,False,3,Premium,3.012,0.0,0,0
https://dolap.com/urun/twist-pembe-sneaker-az-kullanilmis-karyatug-421221519,421221519,kazak,,Twist - 37 Numara,Twist Pembe Sneaker Az Kullanılmış Online Satın Al,700.0,3000.0,True,Yeni & Etiketli,Pembe,,,0,0,5,19,0,Ücretsiz Kargo,False,karyatug,256,False,2026-03-08T15:10:12.583365,20250712,kazak,Twist,37 Numara,37 Numara,Yeni & Etiketli,3,True,False,False,3,Premium,2.811,76.7,1,1
https://dolap.com/urun/nine-west-siyah-bot-bootie-az-kullanilmis-karyatug-422111341,422111341,kazak,,Nine West - 36 Numara,Nine West Siyah Bot & Bootie Az Kullanılmış Online Satın Al,900.0,,False,Az Kullanılmış,Siyah,,Nine West Siyah Bot & Bootie Az Kullanılmış Online Satın Al,59,11,9,7,0,Ücretsiz Kargo,False,karyatug,256,False,2026-03-08T15:10:17.371074,20250712,kazak,Nine West,36 Numara,36 Numara,Az Kullanılmış,1,True,False,False,3,Premium,3.614,0.0,0,0
https://dolap.com/urun/pull-bear-kahverengi-pelus-kurk-yeni-etiketli-karyatug-421435865,421435865,kazak,,Pull & Bear - M / 38 Beden,Pull & Bear Kahverengi Peluş Kürk Yeni & Etiketli Online Satın Al,1600.0,,False,Yeni ve Etiketli,Kahverengi,,Pull & Bear Kahverengi Peluş Kürk Yeni & Etiketli Online Satın Al,65,12,4,14,0,Ücretsiz Kargo,False,karyatug,256,False,2026-03-08T15:10:21.241280,20250712,kazak,Pull & Bear,M / 38 Beden,M / 38 Beden,Yeni & Etiketli,3,True,False,False,4,Luxury,6.426,0.0,1,1
https://dolap.com/urun/mango-bej-pelus-kurk-az-kullanilmis-karyatug-432225887,432225887,kazak,,Mango - XS / 34 Beden,Mango Bej Peluş Kürk Az Kullanılmış Online Satın Al,2500.0,,False,Yeni & Etiketli,Bej,,Mango - XS / 34 Beden,21,6,6,7,0,Ücretsiz Kargo,False,karyatug,256,False,2026-03-08T15:10:25.936322,20250712,kazak,Mango,XS / 34 Beden,XS / 34 Beden,Yeni & Etiketli,3,False,False,False,2,Mid-Range,10.04,0.0,0,0
https://dolap.com/urun/beymen-gumus-askili-canta-az-kullanilmis-karyatug-434060502,434060502,kazak,,Beymen,Beymen Gümüş Askılı Çanta Az Kullanılmış Online Satın Al,2750.0,8000.0,True,Az Kullanılmış,Gümüş,,Beymen Gümüş Askılı Çanta Az Kullanılmış Online Satın Al,56,9,7,7,0,Ücretsiz Kargo,False,karyatug,256,False,2026-03-08T15:10:30.500632,20250712,kazak,Beymen,,,Az Kullanılmış,1,True,False,False,4,Luxury,11.044,65.6,0,0
https://dolap.com/urun/beymen-business-yesil-kravat-yeni-karyatug-437298354,437298354,kazak,,Beymen Business,Beymen Business Yeşil Kravat Yeni Online Satın Al,500.0,1500.0,True,Yeni & Etiketli,Yeşil,,Beymen Business Yeşil Kravat Yeni Online Satın Al,49,8,4,3,0,Ücretsiz Kargo,False,karyatug,256,False,2026-03-08T15:10:34.805171,20250712,kazak,Beymen Business,,,Yeni & Etiketli,3,True,False,False,3,Premium,2.008,66.7,0,0
https://dolap.com/urun/inci-mavi-klasik-ayakkabi-az-kullanilmis-karyatug-440215608,440215608,kazak,,İnci - 36 Numara,İnci Mavi Klasik Ayakkabı Az Kullanılmış Online Satın Al,750.0,,False,Az Kullanılmış,Mavi,,İnci Mavi Klasik Ayakkabı Az Kullanılmış Online Satın Al,56,9,6,6,0,Ücretsiz Kargo,False,karyatug,256,False,2026-03-08T15:10:38.352913,20250712,kazak,İnci,36 Numara,36 Numara,Az Kullanılmış,1,True,False,False,4,Luxury,3.012,0.0,0,0
https://dolap.com/urun/mavi-cizgili-gomlek-az-kullanilmis-karyatug-445753945,445753945,kazak,,Mavi - M / 38 Beden,Mavi Çizgili Gömlek Az Kullanılmış Online Satın Al,350.0,500.0,True,Yeni & Etiketli,Çizgili,,Mavi Çizgili Gömlek Az Kullanılmış Online Satın Al,50,8,6,3,0,Ücretsiz Kargo,False,karyatug,256,False,2026-03-08T15:10:44.196343,20250712,kazak,Mavi,M / 38 Beden,M / 38 Beden,Yeni & Etiketli,3,True,False,False,2,Mid-Range,1.406,30.0,0,0
https://dolap.com/urun/burberry-ekoseli-gomlek-az-kullanilmis-markalidolap4444-367341489,367341489,elbise,,Burberry - L / 40 Beden,Burberry Ekoseli Gömlek Az Kullanılmış Online Satın Al,540.0,,False,Yeni & Etiketli,Ekoseli,,Burberry Ekoseli Gömlek Az Kullanılmış Online Satın Al,54,8,4,8,0,Ücretsiz Kargo,False,markalidolap4444,120,False,2026-03-08T15:11:27.810484,20250712,elbise,Burberry,L / 40 Beden,L / 40 Beden,Yeni & Etiketli,3,True,False,False,3,Premium,2.169,0.0,1,1
https://dolap.com/urun/lc-waikiki-pembe-sandalet-az-kullanilmis-markalidolap4444-445825535,445825535,elbise,,LC Waikiki - 2 yaş/22-23 Numara,LC Waikiki Pembe Sandalet Az Kullanılmış Online Satın Al,125.0,,False,Yeni & Etiketli,Pembe,,,0,0,6,0,0,Alıcı Ödemeli Kargo,True,markalidolap4444,120,False,2026-03-08T15:11:31.861107,20250712,elbise,LC Waikiki,2 yaş/22-23 Numara,2 yaş/22-23 Numara,Yeni & Etiketli,3,True,False,False,0,Budget,0.502,0.0,1,0
https://dolap.com/urun/nautica-turuncu-t-shirt-az-kullanilmis-markalidolap4444-445825332,445825332,elbise,,Nautica - 6 yaş/116cm Beden,Nautica Turuncu T-Shirt Az Kullanılmış Online Satın Al,135.0,,False,Yeni & Etiketli,Turuncu,PAYLA,Nautica - 6 yaş/116cm Beden,27,5,5,0,0,Alıcı Ödemeli Kargo,True,markalidolap4444,120,False,2026-03-08T15:11:37.841946,20250712,elbise,Nautica,6 yaş/116cm Beden,PAYLA,Yeni & Etiketli,3,False,False,False,0,Budget,0.542,0.0,1,0
https://dolap.com/urun/zara-desenli-gunluk-elbise-az-kullanilmis-markalidolap4444-445825314,445825314,elbise,,Zara - 18-24 ay/92cm Beden,Zara Desenli Günlük Elbise Az Kullanılmış Online Satın Al,120.0,,False,Az Kullanılmış,Desenli,PAYLA,Zara Desenli Günlük Elbise Az Kullanılmış Online Satın Al,57,9,5,3,0,Alıcı Ödemeli Kargo,True,markalidolap4444,120,False,2026-03-08T15:11:40.395050,20250712,elbise,Zara,18-24 ay/92cm Beden,PAYLA,Az Kullanılmış,1,True,False,False,2,Mid-Range,0.482,0.0,1,0
https://dolap.com/urun/us-polo-assn-desenli-gunluk-elbise-az-kullanilmis-markalidolap4444-445825039,445825039,elbise,,U.S. Polo Assn. - 2 yaş/92cm Beden,U.S. Polo Assn. Desenli Günlük Elbise Az Kullanılmış Online Satın Al,111.0,,False,Az Kullanılmış,Desenli,PAYLA,U.S. Polo Assn. Desenli Günlük Elbise Az Kullanılmış Online Satın Al,68,11,5,3,0,Alıcı Ödemeli Kargo,True,markalidolap4444,120,False,2026-03-08T15:11:45.205007,20250712,elbise,U.S. Polo Assn.,2 yaş/92cm Beden,PAYLA,Az Kullanılmış,1,True,False,False,1,Economy,0.446,0.0,1,0
https://dolap.com/urun/lc-waikiki-fusya-gunluk-elbise-az-kullanilmis-markalidolap4444-445824841,445824841,elbise,,LC Waikiki - 18-24 ay/92cm Beden,LC Waikiki Fuşya Günlük Elbise Az Kullanılmış Online Satın Al,120.0,600.0,True,Az Kullanılmış,Fuşya,PAYLA,LC Waikiki Fuşya Günlük Elbise Az Kullanılmış Online Satın Al,61,10,6,4,0,Alıcı Ödemeli Kargo,True,markalidolap4444,120,False,2026-03-08T15:11:47.901676,20250712,elbise,LC Waikiki,18-24 ay/92cm Beden,PAYLA,Az Kullanılmış,1,True,False,False,0,Budget,0.482,80.0,1,0
https://dolap.com/urun/lc-waikiki-krem-gunluk-elbise-az-kullanilmis-markalidolap4444-445815966,445815966,elbise,,LC Waikiki - 2 yaş/92cm Beden,LC Waikiki Krem Günlük Elbise Az Kullanılmış Online Satın Al,145.0,550.0,True,Az Kullanılmış,Krem,PAYLA,LC Waikiki Krem Günlük Elbise Az Kullanılmış Online Satın Al,60,10,5,1,0,Alıcı Ödemeli Kargo,True,markalidolap4444,120,False,2026-03-08T15:11:51.592751,20250712,elbise,LC Waikiki,2 yaş/92cm Beden,PAYLA,Az Kullanılmış,1,True,False,False,0,Budget,0.582,73.6,1,0
https://dolap.com/urun/lc-waikiki-leopar-gomlek-az-kullanilmis-markalidolap4444-445815297,445815297,elbise,,LC Waikiki - 2 yaş/92cm Beden,LC Waikiki Leopar Gömlek Az Kullanılmış Online Satın Al,85.0,250.0,True,Az Kullanılmış,Leopar,PAYLA,LC Waikiki Leopar Gömlek Az Kullanılmış Online Satın Al,55,9,5,6,0,Alıcı Ödemeli Kargo,True,markalidolap4444,120,False,2026-03-08T15:11:55.502953,20250712,elbise,LC Waikiki,2 yaş/92cm Beden,PAYLA,Az Kullanılmış,1,True,False,False,0,Budget,0.341,66.0,1,0
https://dolap.com/urun/zara-fume-kot-ceket-az-kullanilmis-markalidolap4444-445812340,445812340,elbise,,Zara - M / 38 Beden,Zara Füme Kot Ceket Az Kullanılmış Online Satın Al,249.0,1500.0,True,Yeni & Etiketli,Füme,PAYLA,"Üzeri taş ve işlemelerle süslenmiş, eskitme görünümlü siyah kot ceket. Oversize kesimi ve yırtık detayları ile modern bir stil sunar. Standart beden uzun boy",157,24,7,0,0,Alıcı Ödemeli Kargo,True,markalidolap4444,120,False,2026-03-08T15:11:59.812263,20250712,elbise,Zara,M / 38 Beden,PAYLA,Yeni & Etiketli,3,False,True,False,2,Mid-Range,1.0,83.4,1,0
https://dolap.com/urun/orfeonegro-bej-gomlek-az-kullanilmis-markalidolap4444-445812306,445812306,elbise,,Orfeonegro - M / 38 Beden,Orfeonegro Bej Gömlek Az Kullanılmış Online Satın Al,160.0,4000.0,True,Az Kullanılmış,Bej,PAYLA,Orfeonegro Bej Gömlek Az Kullanılmış Online Satın Al,52,8,6,2,0,Alıcı Ödemeli Kargo,True,markalidolap4444,120,False,2026-03-08T15:12:04.481155,20250712,elbise,Orfeonegro,M / 38 Beden,PAYLA,Az Kullanılmış,1,True,False,False,0,Budget,0.643,96.0,1,0
https://dolap.com/urun/lc-waikiki-sari-gunluk-elbise-az-kullanilmis-markalidolap4444-401643320,401643320,elbise,,LC Waikiki - 3 yaş/98cm Beden,LC Waikiki Sarı Günlük Elbise Az Kullanılmış Online Satın Al,126.0,,False,Az Kullanılmış,Sarı,PAYLA,LC Waikiki Sarı Günlük Elbise Az Kullanılmış Online Satın Al,60,10,6,9,0,Alıcı Ödemeli Kargo,True,markalidolap4444,120,False,2026-03-08T15:12:09.311054,20250712,elbise,LC Waikiki,3 yaş/98cm Beden,PAYLA,Az Kullanılmış,1,True,False,False,0,Budget,0.506,0.0,2,1
https://dolap.com/urun/lc-waikiki-lacivert-gunluk-elbise-az-kullanilmis-markalidolap4444-397053353,397053353,elbise,,LC Waikiki - 18-24 ay/92cm Beden,LC Waikiki Lacivert Günlük Elbise Az Kullanılmış Online Satın Al,130.0,,False,Yeni & Etiketli,Lacivert,PAYLA,LC Waikiki Lacivert Günlük Elbise Az Kullanılmış Online Satın Al,64,10,4,4,0,Alıcı Ödemeli Kargo,True,markalidolap4444,120,False,2026-03-08T15:12:20.556897,20250712,elbise,LC Waikiki,18-24 ay/92cm Beden,PAYLA,Yeni & Etiketli,3,True,False,False,0,Budget,0.522,0.0,1,0
https://dolap.com/urun/h-m-fume-gunluk-elbise-az-kullanilmis-markalidolap4444-375936700,375936700,elbise,,H&M - 12-18 ay/86cm Beden,H&M Füme Günlük Elbise Az Kullanılmış Online Satın Al,76.0,,False,Yeni & Etiketli,Füme,PAYLA,H&M Füme Günlük Elbise Az Kullanılmış Online Satın Al,53,9,4,3,0,Alıcı Ödemeli Kargo,True,markalidolap4444,120,False,2026-03-08T15:12:26.490699,20250712,elbise,H&M,12-18 ay/86cm Beden,PAYLA,Yeni & Etiketli,3,True,False,False,1,Economy,0.305,0.0,1,0
https://dolap.com/urun/zara-pembe-diger-spor-ayakkabi-az-kullanilmis-markalidolap4444-373060808,373060808,elbise,,Zara - 2 yaş/22-23 Numara,Zara Pembe Diğer Spor Ayakkabı Az Kullanılmış Online Satın Al,45.0,,False,Az Kullanılmış,Pembe,,Zara Pembe Diğer Spor Ayakkabı Az Kullanılmış Online Satın Al,61,10,7,2,0,Alıcı Ödemeli Kargo,True,markalidolap4444,120,False,2026-03-08T15:12:35.396217,20250712,elbise,Zara,2 yaş/22-23 Numara,2 yaş/22-23 Numara,Az Kullanılmış,1,True,False,False,2,Mid-Range,0.181,0.0,1,0
https://dolap.com/urun/lc-waikiki-pembe-hirka-az-kullanilmis-markalidolap4444-375937444,375937444,elbise,,LC Waikiki - 12-18 ay/86cm Beden,LC Waikiki Pembe Hırka Az Kullanılmış Online Satın Al,76.0,,False,Az Kullanılmış,Pembe,PAYLA,LC Waikiki - 12-18 ay/86cm Beden,32,6,4,11,0,Alıcı Ödemeli Kargo,True,markalidolap4444,120,False,2026-03-08T15:12:44.689473,20250712,elbise,LC Waikiki,12-18 ay/86cm Beden,PAYLA,Az Kullanılmış,1,False,False,False,0,Budget,0.305,0.0,2,1
https://dolap.com/urun/zara-siyah-sweatshirt-az-kullanilmis-markalidolap4444-443737858,443737858,elbise,,Zara - M / 38 Beden,Zara Siyah Sweatshirt Az Kullanılmış Online Satın Al,85.0,900.0,True,Az Kullanılmış,Siyah,PAYLA,Zara Siyah Sweatshirt Az Kullanılmış Online Satın Al,52,8,5,0,0,Alıcı Ödemeli Kargo,True,markalidolap4444,120,False,2026-03-08T15:12:49.733989,20250712,elbise,Zara,M / 38 Beden,PAYLA,Az Kullanılmış,1,True,False,False,2,Mid-Range,0.341,90.6,1,0
https://dolap.com/urun/zara-leopar-yagmurluk-ruzgarlik-az-kullanilmis-markalidolap4444-443737433,443737433,elbise,,Zara - M / 38 Beden,Zara Leopar Yağmurluk & Rüzgarlık Az Kullanılmış Online Satın Al,224.0,1500.0,True,Yeni & Etiketli,Leopar,PAYLA,,0,0,5,0,0,Alıcı Ödemeli Kargo,True,markalidolap4444,120,False,2026-03-08T15:12:53.974353,20250712,elbise,Zara,M / 38 Beden,PAYLA,Yeni & Etiketli,3,True,False,False,2,Mid-Range,0.9,85.1,1,0
https://dolap.com/urun/zara-krem-diger-spor-ayakkabi-az-kullanilmis-markalidolap4444-397073306,397073306,elbise,,Zara - 2 yaş/22-23 Numara,Zara Krem Diğer Spor Ayakkabı Az Kullanılmış Online Satın Al,49.0,,False,Yeni & Etiketli,Krem,,Zara Krem Diğer Spor Ayakkabı Az Kullanılmış Online Satın Al,60,10,5,1,0,Alıcı Ödemeli Kargo,True,markalidolap4444,120,False,2026-03-08T15:12:59.527169,20250712,elbise,Zara,2 yaş/22-23 Numara,2 yaş/22-23 Numara,Yeni & Etiketli,3,True,False,False,2,Mid-Range,0.197,0.0,1,0
https://dolap.com/urun/zara-pembe-astronot-tulum-az-kullanilmis-markalidolap4444-375936788,375936788,elbise,,Zara - Tek Ebat Beden,Zara Pembe Astronot Tulum Az Kullanılmış Online Satın Al,63.0,,False,Az Kullanılmış,Pembe,PAYLA,Zara - Tek Ebat Beden,21,5,4,0,0,Alıcı Ödemeli Kargo,True,markalidolap4444,120,False,2026-03-08T15:13:05.854778,20250712,elbise,Zara,Tek Ebat Beden,PAYLA,Az Kullanılmış,1,False,False,False,2,Mid-Range,0.253,0.0,1,0
https://dolap.com/urun/tudors-beyaz-gomlek-az-kullanilmis-markalidolap4444-367341946,367341946,elbise,,Tudors - M / 38 Beden,Tudors Beyaz Gömlek Az Kullanılmış Online Satın Al,162.0,,False,Yeni & Etiketli,Beyaz,PAYLA,Tudors Beyaz Gömlek Az Kullanılmış Online Satın Al,50,8,5,4,0,Alıcı Ödemeli Kargo,True,markalidolap4444,120,False,2026-03-08T15:13:11.940836,20250712,elbise,Tudors,M / 38 Beden,PAYLA,Yeni & Etiketli,3,True,False,False,0,Budget,0.651,0.0,1,0
https://dolap.com/urun/tudors-haki-gomlek-az-kullanilmis-markalidolap4444-426078342,426078342,elbise,,Tudors - L / 40 Beden,Tudors Haki Gömlek Az Kullanılmış Online Satın Al,90.0,,False,Az Kullanılmış,Haki,PAYLA,Tudors Haki Gömlek Az Kullanılmış Online Satın Al,49,8,5,0,0,Alıcı Ödemeli Kargo,True,markalidolap4444,120,False,2026-03-08T15:13:18.054479,20250712,elbise,Tudors,L / 40 Beden,PAYLA,Az Kullanılmış,1,True,False,False,0,Budget,0.361,0.0,1,0
https://dolap.com/urun/h-m-pembe-gunluk-elbise-az-kullanilmis-markalidolap4444-397061286,397061286,elbise,,H&M - 12-18 ay/86cm Beden,H&M Pembe Günlük Elbise Az Kullanılmış Online Satın Al,81.0,,False,Az Kullanılmış,Pembe,PAYLA,H&M Pembe Günlük Elbise Az Kullanılmış Online Satın Al,54,9,4,1,0,Alıcı Ödemeli Kargo,True,markalidolap4444,120,False,2026-03-08T15:13:22.966683,20250712,elbise,H&M,12-18 ay/86cm Beden,PAYLA,Az Kullanılmış,1,True,False,False,1,Economy,0.325,0.0,1,0
https://dolap.com/urun/zara-siyah-babet-az-kullanilmis-markalidolap4444-443737749,443737749,elbise,,Zara - 37 Numara,Zara Siyah Babet Az Kullanılmış Online Satın Al,144.0,,False,Yeni & Etiketli,Siyah,,"Siyah renkli, tokalı loafer ayakkabı. Şık ve rahat tasarımı ile günlük kullanım için idealdir.",94,14,5,2,0,Alıcı Ödemeli Kargo,True,markalidolap4444,120,False,2026-03-08T15:13:26.626439,20250712,elbise,Zara,37 Numara,37 Numara,Yeni & Etiketli,3,False,False,False,2,Mid-Range,0.578,0.0,1,0
https://dolap.com/urun/tudors-siyah-papyon-yeni-markalidolap4444-367399597,367399597,elbise,,Tudors,Tudors Siyah Papyon Yeni Online Satın Al,162.0,,False,Yeni,Siyah,,Tudors Siyah Papyon Yeni Online Satın Al,40,7,3,2,0,Alıcı Ödemeli Kargo,True,markalidolap4444,120,False,2026-03-08T15:13:31.057136,20250712,elbise,Tudors,,,Yeni,2,True,False,False,0,Budget,0.651,0.0,1,0
https://dolap.com/urun/bershka-cicek-desenli-bustiyer-yeni-markalidolap4444-366488680,366488680,elbise,,Bershka - S / 36 Beden,Bershka Çiçek Desenli Büstiyer Yeni Online Satın Al,63.0,,False,Yeni,Çiçek Desenli,PAYLA,Bershka Çiçek Desenli Büstiyer Yeni Online Satın Al,51,8,5,6,0,Alıcı Ödemeli Kargo,True,markalidolap4444,120,False,2026-03-08T15:13:36.324542,20250712,elbise,Bershka,S / 36 Beden,PAYLA,Yeni,2,True,False,False,3,Premium,0.253,0.0,1,0
https://dolap.com/urun/diger-beyaz-gelinlik-az-kullanilmis-markalidolap4444-438851294,438851294,elbise,,Diğer - M / 38 Beden,Diğer Beyaz Gelinlik Az Kullanılmış Online Satın Al,3825.0,25000.0,True,Yeni & Etiketli,Beyaz,,Diğer - M / 38 Beden,20,6,7,2,0,Ücretsiz Kargo,False,markalidolap4444,120,False,2026-03-08T15:13:41.664391,20250712,elbise,Diğer,M / 38 Beden,M / 38 Beden,Yeni & Etiketli,3,False,False,False,0,Budget,15.361,84.7,0,0
https://dolap.com/urun/missemramiss-kirmizi-gomlek-az-kullanilmis-markalidolap4444-412841494,412841494,elbise,,Missemramiss - L / 40 Beden,Missemramiss Kırmızı Gömlek Az Kullanılmış Online Satın Al,81.0,,False,Yeni & Etiketli,Kırmızı,PAYLA,Missemramiss Kırmızı Gömlek Az Kullanılmış Online Satın Al,58,8,6,4,0,Alıcı Ödemeli Kargo,True,markalidolap4444,120,False,2026-03-08T15:13:47.422782,20250712,elbise,Missemramiss,L / 40 Beden,PAYLA,Yeni & Etiketli,3,True,False,False,0,Budget,0.325,0.0,1,0
https://dolap.com/urun/tudors-beyaz-gomlek-az-kullanilmis-markalidolap4444-367343085,367343085,elbise,,Tudors - L / 40 Beden,Tudors Beyaz Gömlek Az Kullanılmış Online Satın Al,108.0,,False,Az Kullanılmış,Beyaz,PAYLA,Tudors Beyaz Gömlek Az Kullanılmış Online Satın Al,50,8,3,2,0,Alıcı Ödemeli Kargo,True,markalidolap4444,120,False,2026-03-08T15:13:52.118760,20250712,elbise,Tudors,L / 40 Beden,PAYLA,Az Kullanılmış,1,True,False,False,0,Budget,0.434,0.0,1,0
https://dolap.com/urun/diger-krem-bluz-yeni-markalidolap4444-366522207,366522207,elbise,,Diğer - M / 38 Beden,Diğer Krem Bluz Yeni Online Satın Al,67.0,,False,Yeni & Etiketli,Krem,PAYLA,Diğer Krem Bluz Yeni Online Satın Al,36,7,4,3,0,Alıcı Ödemeli Kargo,True,markalidolap4444,120,False,2026-03-08T15:13:56.482800,20250712,elbise,Diğer,M / 38 Beden,PAYLA,Yeni & Etiketli,3,True,False,False,0,Budget,0.269,0.0,1,0
https://dolap.com/urun/lc-waikiki-krem-blazer-ceket-az-kullanilmis-markalidolap4444-397073109,397073109,elbise,,LC Waikiki - 9-12 ay/80cm Beden,LC Waikiki Krem Blazer / Ceket Az Kullanılmış Online Satın Al,63.0,,False,Az Kullanılmış,Krem,PAYLA,LC Waikiki - 9-12 ay/80cm Beden,31,6,5,2,0,Alıcı Ödemeli Kargo,True,markalidolap4444,120,False,2026-03-08T15:14:02.202437,20250712,elbise,LC Waikiki,9-12 ay/80cm Beden,PAYLA,Az Kullanılmış,1,False,False,False,0,Budget,0.253,0.0,1,0
https://dolap.com/urun/lc-waikiki-krem-alt-ust-takim-az-kullanilmis-markalidolap4444-344375894,344375894,elbise,,LC Waikiki - 9-12 ay/80cm Beden,LC Waikiki Krem Alt & Üst Takım Az Kullanılmış Online Satın Al,79.0,,False,Az Kullanılmış,Krem,PAYLA,LC Waikiki - 9-12 ay/80cm Beden,31,6,5,3,0,Alıcı Ödemeli Kargo,True,markalidolap4444,120,False,2026-03-08T15:14:07.197777,20250712,elbise,LC Waikiki,9-12 ay/80cm Beden,PAYLA,Az Kullanılmış,1,False,False,False,0,Budget,0.317,0.0,1,0
https://dolap.com/urun/lc-waikiki-siyah-abiye-az-kullanilmis-markalidolap4444-395933424,395933424,elbise,,LC Waikiki - 8 yaş/128cm Beden,LC Waikiki Siyah Abiye Az Kullanılmış Online Satın Al,162.0,,False,Az Kullanılmış,Siyah,PAYLA,Abiye & Mezuniyet Elbisesi,26,4,6,2,0,Alıcı Ödemeli Kargo,True,markalidolap4444,120,False,2026-03-08T15:14:11.957507,20250712,elbise,LC Waikiki,8 yaş/128cm Beden,PAYLA,Az Kullanılmış,1,False,False,False,0,Budget,0.651,0.0,1,0
https://dolap.com/urun/apple-beyaz-airpods-yeni-etiketli-markalidolap4444-403168958,403168958,elbise,,Apple,Apple Beyaz Airpods Yeni & Etiketli Online Satın Al,486.0,,False,Yeni ve Etiketli,Beyaz,,Apple Beyaz Airpods Yeni & Etiketli Online Satın Al,51,9,5,2,0,Ücretsiz Kargo,False,markalidolap4444,120,False,2026-03-08T15:14:17.217078,20250712,elbise,Apple,,,Yeni & Etiketli,3,True,False,False,3,Premium,1.952,0.0,0,0
https://dolap.com/urun/zara-kirmizi-abaya-az-kullanilmis-markalidolap4444-396617088,396617088,elbise,,Zara - L / 40 Beden,Zara Kırmızı Abaya Az Kullanılmış Online Satın Al,283.0,,False,Az Kullanılmış,Kırmızı,,Sıfır gibi bir kez giyildi kumaşı çok güzel,43,8,6,3,0,Ücretsiz Kargo,False,markalidolap4444,120,False,2026-03-08T15:14:21.475847,20250712,elbise,Zara,L / 40 Beden,L / 40 Beden,Az Kullanılmış,1,False,False,False,2,Mid-Range,1.137,0.0,0,0
https://dolap.com/urun/aldo-pudra-klasik-topuklu-ayakkabi-az-kullanilmis-markalidolap4444-362305819,362305819,elbise,,Aldo - 36 Numara,Aldo Pudra Klasik Topuklu Ayakkabı Az Kullanılmış Online Satın Al,144.0,,False,Az Kullanılmış,Pudra,,Aldo Pudra Klasik Topuklu Ayakkabı Az Kullanılmış Online Satın Al,65,10,6,1,0,Alıcı Ödemeli Kargo,True,markalidolap4444,120,False,2026-03-08T15:14:25.432869,20250712,elbise,Aldo,36 Numara,36 Numara,Az Kullanılmış,1,True,False,False,0,Budget,0.578,0.0,1,0
https://dolap.com/urun/puma-beyaz-kosu-ayakkabisi-az-kullanilmis-markalidolap4444-404583319,404583319,elbise,,Puma - 42 Numara,Puma Beyaz Koşu Ayakkabısı Az Kullanılmış Online Satın Al,2160.0,,False,Az Kullanılmış,Beyaz,,Puma Beyaz Koşu Ayakkabısı Az Kullanılmış Online Satın Al,57,9,7,9,0,Ücretsiz Kargo,False,markalidolap4444,120,False,2026-03-08T15:14:30.576827,20250712,elbise,Puma,42 Numara,42 Numara,Az Kullanılmış,1,True,False,False,4,Luxury,8.675,0.0,1,1
https://dolap.com/urun/kaft-krem-askili-canta-az-kullanilmis-roomvintage-445889307,445889307,elbise,,Kaft,Kaft Krem Askılı Çanta Az Kullanılmış Online Satın Al,350.0,,False,Yeni & Etiketli,Krem,,Kaft Krem Askılı Çanta Az Kullanılmış Online Satın Al,53,9,6,0,0,Ücretsiz Kargo,False,roomvintage,113,False,2026-03-08T15:14:34.755610,20250712,elbise,Kaft,,,Yeni & Etiketli,3,True,False,False,2,Mid-Range,1.406,0.0,0,0
https://dolap.com/urun/diger-bej-askili-canta-az-kullanilmis-roomvintage-445888695,445888695,elbise,,Diğer,Diğer Bej Askılı Çanta Az Kullanılmış Online Satın Al,249.0,,False,Az Kullanılmış,Bej,,Diğer Bej Askılı Çanta Az Kullanılmış Online Satın Al,53,9,7,3,0,Alıcı Ödemeli Kargo,True,roomvintage,113,False,2026-03-08T15:14:38.937880,20250712,elbise,Diğer,,,Az Kullanılmış,1,True,False,False,0,Budget,1.0,0.0,1,0
https://dolap.com/urun/dsquared2-beyaz-sapka-yeni-roomvintage-445888569,445888569,elbise,,Dsquared2,Dsquared2 Beyaz Şapka Yeni Online Satın Al,800.0,,False,Yeni,Beyaz,,Dsquared2 Beyaz Şapka Yeni Online Satın Al,42,7,6,0,0,Ücretsiz Kargo,False,roomvintage,113,False,2026-03-08T15:14:42.017634,20250712,elbise,Dsquared2,,,Yeni,2,True,False,False,4,Luxury,3.213,0.0,0,0
https://dolap.com/urun/xside-siyah-omuz-cantasi-az-kullanilmis-roomvintage-445888247,445888247,elbise,,Xside,Xside Siyah Omuz Çantası Az Kullanılmış Online Satın Al,149.0,,False,Az Kullanılmış,Siyah,,Xside Siyah Omuz Çantası Az Kullanılmış Online Satın Al,55,9,4,0,0,Alıcı Ödemeli Kargo,True,roomvintage,113,False,2026-03-08T15:14:46.227155,20250712,elbise,Xside,,,Az Kullanılmış,1,True,False,False,0,Budget,0.598,0.0,1,0
https://dolap.com/urun/h-m-bordo-sapka-az-kullanilmis-roomvintage-445888112,445888112,elbise,,H&M,H&M Bordo Şapka Az Kullanılmış Online Satın Al,199.0,,False,Az Kullanılmış,Bordo,,Şık ve dikkat çekici bordo renkte kadın şapkası. Üzerindeki ip detaylı tasarımı ile kombinlerinize zarif bir dokunuş katabilirsiniz. Kaliteli malzemeden üretilmiştir.,166,21,6,0,0,Alıcı Ödemeli Kargo,True,roomvintage,113,False,2026-03-08T15:14:50.802694,20250712,elbise,H&M,,,Az Kullanılmış,1,False,False,False,1,Economy,0.799,0.0,1,0
https://dolap.com/urun/american-vintage-siyah-blazer-ceket-az-kullanilmis-roomvintage-445886099,445886099,elbise,,American Vintage - M / 38 Beden,American Vintage Siyah Blazer / Ceket Az Kullanılmış Online Satın Al,1500.0,,False,Yeni & Etiketli,Siyah,,American Vintage - M / 38 Beden,31,7,8,0,0,Ücretsiz Kargo,False,roomvintage,113,False,2026-03-08T15:14:55.450484,20250712,elbise,American Vintage,M / 38 Beden,M / 38 Beden,Yeni & Etiketli,3,False,False,False,3,Premium,6.024,0.0,0,0
https://dolap.com/urun/diger-kirmizi-esofman-alti-az-kullanilmis-roomvintage-445885456,445885456,elbise,,Diğer - Tek Ebat Beden,Diğer Kırmızı Eşofman Altı Az Kullanılmış Online Satın Al,86.0,,False,Az Kullanılmış,Kırmızı,PAYLA,Diğer - Tek Ebat Beden,22,5,8,0,0,Alıcı Ödemeli Kargo,True,roomvintage,113,False,2026-03-08T15:15:01.809860,20250712,elbise,Diğer,Tek Ebat Beden,PAYLA,Az Kullanılmış,1,False,False,False,0,Budget,0.345,0.0,1,0
https://dolap.com/urun/diger-mavi-kol-cantasi-az-kullanilmis-roomvintage-445885008,445885008,elbise,,Diğer,Diğer Mavi Kol Çantası Az Kullanılmış Online Satın Al,169.0,,False,Az Kullanılmış,Mavi,,GENİSLİĞİ 50 CM /ARKADASLAR FERMUARI YOK BIDE O KISIM KOPUK DIKILMESI LAZIM.Kullanılmış kot pantolondan el yapımı olarak tasarlanmış kullanışlı bez çanta. Fermuarlı iç cebi ve ayarlanabilir omuz askısı bulunmaktadır.,216,29,6,0,0,Alıcı Ödemeli Kargo,True,roomvintage,113,False,2026-03-08T15:15:09.533166,20250712,elbise,Diğer,,,Az Kullanılmış,1,False,False,False,0,Budget,0.679,0.0,1,0
https://dolap.com/urun/adidas-mavi-esofman-alti-az-kullanilmis-roomvintage-445884440,445884440,elbise,,Adidas - Tek Ebat Beden,Adidas Mavi Eşofman Altı Az Kullanılmış Online Satın Al,149.0,,False,Az Kullanılmış,Mavi,PAYLA,Adidas - Tek Ebat Beden,23,5,6,0,0,Alıcı Ödemeli Kargo,True,roomvintage,113,False,2026-03-08T15:15:15.119379,20250712,elbise,Adidas,Tek Ebat Beden,PAYLA,Az Kullanılmış,1,False,False,False,2,Mid-Range,0.598,0.0,1,0
https://dolap.com/urun/abercrombie-fitch-gri-esofman-alti-az-kullanilmis-roomvintage-445883418,445883418,elbise,,Abercrombie & Fitch - Tek Ebat Beden,Abercrombie & Fitch Gri Eşofman Altı Az Kullanılmış Online Satın Al,129.0,,False,Az Kullanılmış,Gri,PAYLA,Abercrombie & Fitch - Tek Ebat Beden,36,7,5,7,0,Alıcı Ödemeli Kargo,True,roomvintage,113,False,2026-03-08T15:15:18.980567,20250712,elbise,Abercrombie & Fitch,Tek Ebat Beden,PAYLA,Az Kullanılmış,1,False,False,False,0,Budget,0.518,0.0,2,1
https://dolap.com/urun/american-retro-cok-renkli-yelek-az-kullanilmis-roomvintage-445882582,445882582,elbise,,American Retro - Tek Ebat Beden,American Retro Çok Renkli Yelek Az Kullanılmış Online Satın Al,249.0,,False,Yeni & Etiketli,Çok Renkli,PAYLA,American Retro Çok Renkli Yelek Az Kullanılmış Online Satın Al,62,10,4,0,0,Alıcı Ödemeli Kargo,True,roomvintage,113,False,2026-03-08T15:15:22.981205,20250712,elbise,American Retro,Tek Ebat Beden,PAYLA,Yeni & Etiketli,3,True,False,False,1,Economy,1.0,0.0,1,0
https://dolap.com/urun/penti-kirmizi-pijama-az-kullanilmis-roomvintage-445881848,445881848,elbise,,Penti - Tek Ebat Beden,Penti Kırmızı Pijama Az Kullanılmış Online Satın Al,179.0,,False,Az Kullanılmış,Kırmızı,PAYLA,Penti - Tek Ebat Beden,22,5,6,1,0,Alıcı Ödemeli Kargo,True,roomvintage,113,False,2026-03-08T15:15:28.992960,20250712,elbise,Penti,Tek Ebat Beden,PAYLA,Az Kullanılmış,1,False,False,False,1,Economy,0.719,0.0,1,0
https://dolap.com/urun/diger-haki-bluz-az-kullanilmis-roomvintage-445880281,445880281,elbise,,Diğer - Tek Ebat Beden,Diğer Haki Bluz Az Kullanılmış Online Satın Al,100.0,,False,Az Kullanılmış,Haki,PAYLA,Diğer - Tek Ebat Beden,22,5,4,0,0,Alıcı Ödemeli Kargo,True,roomvintage,113,False,2026-03-08T15:15:32.358740,20250712,elbise,Diğer,Tek Ebat Beden,PAYLA,Az Kullanılmış,1,False,False,False,0,Budget,0.402,0.0,1,0
https://dolap.com/urun/mango-haki-hirka-az-kullanilmis-roomvintage-445879668,445879668,elbise,,Mango - S / 36 Beden,Mango Haki Hırka Az Kullanılmış Online Satın Al,149.0,,False,Az Kullanılmış,Haki,PAYLA,Mango - S / 36 Beden,20,6,6,0,0,Alıcı Ödemeli Kargo,True,roomvintage,113,False,2026-03-08T15:15:35.292470,20250712,elbise,Mango,S / 36 Beden,PAYLA,Az Kullanılmış,1,False,False,False,2,Mid-Range,0.598,0.0,1,0
https://dolap.com/urun/diger-lacivert-t-shirt-az-kullanilmis-roomvintage-445878737,445878737,elbise,,Diğer - M / 38 Beden,Diğer Lacivert T-Shirt Az Kullanılmış Online Satın Al,99.0,,False,Az Kullanılmış,Lacivert,PAYLA,Diğer - M / 38 Beden,20,6,4,0,0,Alıcı Ödemeli Kargo,True,roomvintage,113,False,2026-03-08T15:15:39.711841,20250712,elbise,Diğer,M / 38 Beden,PAYLA,Az Kullanılmış,1,False,False,False,0,Budget,0.398,0.0,1,0
https://dolap.com/urun/diger-siyah-t-shirt-az-kullanilmis-roomvintage-445878555,445878555,elbise,,Diğer - M / 38 Beden,Diğer Siyah T-Shirt Az Kullanılmış Online Satın Al,99.0,,False,Az Kullanılmış,Siyah,PAYLA,Diğer - M / 38 Beden,20,6,5,0,0,Alıcı Ödemeli Kargo,True,roomvintage,113,False,2026-03-08T15:15:44.309744,20250712,elbise,Diğer,M / 38 Beden,PAYLA,Az Kullanılmış,1,False,False,False,0,Budget,0.398,0.0,1,0
https://dolap.com/urun/stradivarius-mavi-etek-yeni-roomvintage-445877816,445877816,elbise,,Stradivarius - XS / 34 Beden,Stradivarius Mavi Etek Yeni Online Satın Al,249.0,,False,Yeni,Mavi,PAYLA,Stradivarius Mavi Etek Yeni Online Satın Al,43,7,5,0,0,Alıcı Ödemeli Kargo,True,roomvintage,113,False,2026-03-08T15:15:48.473785,20250712,elbise,Stradivarius,XS / 34 Beden,PAYLA,Yeni,2,True,False,False,3,Premium,1.0,0.0,1,0
https://dolap.com/urun/levi-s-mavi-sort-bermuda-az-kullanilmis-roomvintage-445877318,445877318,elbise,,Levi's - Tek Ebat Beden,Levi's Mavi Şort & Bermuda Az Kullanılmış Online Satın Al,199.0,,False,Yeni & Etiketli,Mavi,PAYLA,Levi's - Tek Ebat Beden,23,5,5,1,0,Alıcı Ödemeli Kargo,True,roomvintage,113,False,2026-03-08T15:15:52.043649,20250712,elbise,Levi's,Tek Ebat Beden,PAYLA,Yeni & Etiketli,3,False,False,False,1,Economy,0.799,0.0,1,0
https://dolap.com/urun/adidas-lacivert-esofman-alti-az-kullanilmis-roomvintage-445876817,445876817,elbise,,Adidas - 2XL / 44 Beden,Adidas Lacivert Eşofman Altı Az Kullanılmış Online Satın Al,499.0,,False,Yeni & Etiketli,Lacivert,,Adidas - 2XL / 44 Beden,23,6,7,0,0,Ücretsiz Kargo,False,roomvintage,113,False,2026-03-08T15:15:55.753665,20250712,elbise,Adidas,2XL / 44 Beden,2XL / 44 Beden,Yeni & Etiketli,3,False,False,False,2,Mid-Range,2.004,0.0,0,0
https://dolap.com/urun/hackett-lacivert-jeans-yeni-roomvintage-445790823,445790823,elbise,,Hackett - Tek Ebat Beden,Hackett Lacivert Jeans Yeni Online Satın Al,619.0,,False,Yeni,Lacivert,,Hackett Lacivert Jeans Yeni Online Satın Al,43,7,7,0,0,Ücretsiz Kargo,False,roomvintage,113,False,2026-03-08T15:16:00.491398,20250712,elbise,Hackett,Tek Ebat Beden,Tek Ebat Beden,Yeni,2,True,False,False,3,Premium,2.486,0.0,0,0
https://dolap.com/urun/calzedonia-krem-jeans-az-kullanilmis-roomvintage-445789930,445789930,elbise,,Calzedonia - M / 38 Beden,Calzedonia Krem Jeans Az Kullanılmış Online Satın Al,171.0,,False,Az Kullanılmış,Krem,PAYLA,Calzedonia - M / 38 Beden,25,6,6,0,0,Alıcı Ödemeli Kargo,True,roomvintage,113,False,2026-03-08T15:16:04.070380,20250712,elbise,Calzedonia,M / 38 Beden,PAYLA,Az Kullanılmış,1,False,False,False,0,Budget,0.687,0.0,1,0
https://dolap.com/urun/diger-gri-hirka-az-kullanilmis-roomvintage-445788963,445788963,elbise,,Diğer - M / 38 Beden,Diğer Gri Hırka Az Kullanılmış Online Satın Al,149.0,,False,Az Kullanılmış,Gri,PAYLA,Diğer - M / 38 Beden,20,6,4,1,0,Alıcı Ödemeli Kargo,True,roomvintage,113,False,2026-03-08T15:16:06.638468,20250712,elbise,Diğer,M / 38 Beden,PAYLA,Az Kullanılmış,1,False,False,False,0,Budget,0.598,0.0,1,0
https://dolap.com/urun/replay-yesil-sweatshirt-yeni-roomvintage-445788071,445788071,elbise,,Replay - S/M Beden,Replay Yeşil Sweatshirt Yeni Online Satın Al,169.0,,False,Yeni & Etiketli,Yeşil,PAYLA,Replay Yeşil Sweatshirt Yeni Online Satın Al,44,7,4,0,0,Alıcı Ödemeli Kargo,True,roomvintage,113,False,2026-03-08T15:16:10.715878,20250712,elbise,Replay,S/M Beden,PAYLA,Yeni & Etiketli,3,True,False,False,0,Budget,0.679,0.0,1,0
https://dolap.com/urun/pull-bear-yesil-sweatshirt-yeni-roomvintage-445786379,445786379,elbise,,Pull & Bear - L / 40 Beden,Pull & Bear Yeşil Sweatshirt Yeni Online Satın Al,421.0,,False,Yeni & Etiketli,Yeşil,,Pull & Bear Yeşil Sweatshirt Yeni Online Satın Al,49,9,6,0,0,Ücretsiz Kargo,False,roomvintage,113,False,2026-03-08T15:16:13.843639,20250712,elbise,Pull & Bear,L / 40 Beden,L / 40 Beden,Yeni & Etiketli,3,True,False,False,4,Luxury,1.691,0.0,0,0
https://dolap.com/urun/us-polo-assn-lacivert-jeans-yeni-roomvintage-445785384,445785384,elbise,,U.S. Polo Assn. - L / 40 Beden,U.S. Polo Assn. Lacivert Jeans Yeni Online Satın Al,199.0,,False,Yeni & Etiketli,Lacivert,PAYLA,U.S. Polo Assn. Lacivert Jeans Yeni Online Satın Al,51,9,7,0,0,Alıcı Ödemeli Kargo,True,roomvintage,113,False,2026-03-08T15:16:17.998770,20250712,elbise,U.S. Polo Assn.,L / 40 Beden,PAYLA,Yeni & Etiketli,3,True,False,False,1,Economy,0.799,0.0,1,0
https://dolap.com/urun/tommy-jeans-gri-sweatshirt-yeni-roomvintage-445784615,445784615,elbise,,Tommy Jeans - L / 40 Beden,Tommy Jeans Gri Sweatshirt Yeni Online Satın Al,799.0,,False,Yeni & Etiketli,Gri,,Tommy Jeans Gri Sweatshirt Yeni Online Satın Al,47,8,6,0,0,Ücretsiz Kargo,False,roomvintage,113,False,2026-03-08T15:16:21.760893,20250712,elbise,Tommy Jeans,L / 40 Beden,L / 40 Beden,Yeni & Etiketli,3,True,False,False,4,Luxury,3.209,0.0,0,0
https://dolap.com/urun/massimo-dutti-siyah-jeans-az-kullanilmis-roomvintage-445781186,445781186,elbise,,Massimo Dutti - Tek Ebat Beden,Massimo Dutti Siyah Jeans Az Kullanılmış Online Satın Al,249.0,,False,Az Kullanılmış,Siyah,PAYLA,Massimo Dutti - Tek Ebat Beden,30,6,6,0,0,Alıcı Ödemeli Kargo,True,roomvintage,113,False,2026-03-08T15:16:24.399726,20250712,elbise,Massimo Dutti,Tek Ebat Beden,PAYLA,Az Kullanılmış,1,False,False,False,1,Economy,1.0,0.0,1,0
https://dolap.com/urun/mango-mavi-jeans-yeni-roomvintage-445771365,445771365,elbise,,Mango - L / 40 Beden,Mango Mavi Jeans Yeni Online Satın Al,219.0,,False,Yeni,Mavi,PAYLA,Mango Mavi Jeans Yeni Online Satın Al,37,7,6,1,0,Alıcı Ödemeli Kargo,True,roomvintage,113,False,2026-03-08T15:16:27.509048,20250712,elbise,Mango,L / 40 Beden,PAYLA,Yeni,2,True,False,False,2,Mid-Range,0.88,0.0,1,0
https://dolap.com/urun/dsquared2-siyah-jeans-yeni-roomvintage-445767454,445767454,elbise,,Dsquared2 - XL / 42 Beden,Dsquared2 Siyah Jeans Yeni Online Satın Al,999.0,,False,Yeni & Etiketli,Siyah,,Dsquared2 Siyah Jeans Yeni Online Satın Al,42,7,8,1,0,Ücretsiz Kargo,False,roomvintage,113,False,2026-03-08T15:16:29.881697,20250712,elbise,Dsquared2,XL / 42 Beden,XL / 42 Beden,Yeni & Etiketli,3,True,False,False,4,Luxury,4.012,0.0,0,0
https://dolap.com/urun/diger-siyah-blazer-ceket-az-kullanilmis-roomvintage-445762829,445762829,elbise,,Diğer - M / 38 Beden,Diğer Siyah Blazer / Ceket Az Kullanılmış Online Satın Al,199.0,,False,Az Kullanılmış,Siyah,PAYLA,Diğer - M / 38 Beden,20,6,8,2,0,Alıcı Ödemeli Kargo,True,roomvintage,113,False,2026-03-08T15:16:32.242984,20250712,elbise,Diğer,M / 38 Beden,PAYLA,Az Kullanılmış,1,False,False,False,0,Budget,0.799,0.0,1,0
https://dolap.com/urun/fenerium-lacivert-polar-az-kullanilmis-roomvintage-445761426,445761426,elbise,,Fenerium - M/L Beden,Fenerium Lacivert Polar Az Kullanılmış Online Satın Al,229.0,,False,Az Kullanılmış,Lacivert,PAYLA,Fenerium - M/L Beden,20,4,6,4,0,Alıcı Ödemeli Kargo,True,roomvintage,113,False,2026-03-08T15:16:36.293533,20250712,elbise,Fenerium,M/L Beden,PAYLA,Az Kullanılmış,1,False,False,False,1,Economy,0.92,0.0,1,0
https://dolap.com/urun/pull-bear-sari-hirka-az-kullanilmis-roomvintage-445760277,445760277,elbise,,Pull & Bear - M / 38 Beden,Pull & Bear Sarı Hırka Az Kullanılmış Online Satın Al,199.0,,False,Yeni & Etiketli,Sarı,PAYLA,Pull & Bear - M / 38 Beden,26,8,8,2,0,Alıcı Ödemeli Kargo,True,roomvintage,113,False,2026-03-08T15:16:39.073274,20250712,elbise,Pull & Bear,M / 38 Beden,PAYLA,Yeni & Etiketli,3,False,False,False,4,Luxury,0.799,0.0,1,0
https://dolap.com/urun/loft-siyah-deri-ceket-az-kullanilmis-roomvintage-445759029,445759029,elbise,,Loft - XL / 42 Beden,Loft Siyah Deri Ceket Az Kullanılmış Online Satın Al,499.0,,False,Az Kullanılmış,Siyah,,Loft - XL / 42 Beden,20,6,9,0,0,Ücretsiz Kargo,False,roomvintage,113,False,2026-03-08T15:16:45.605797,20250712,elbise,Loft,XL / 42 Beden,XL / 42 Beden,Az Kullanılmış,1,False,False,False,3,Premium,2.004,0.0,0,0
https://dolap.com/urun/diger-gri-hirka-az-kullanilmis-roomvintage-445757006,445757006,elbise,,Diğer - S/M Beden,Diğer Gri Hırka Az Kullanılmış Online Satın Al,199.0,,False,Az Kullanılmış,Gri,PAYLA,,0,0,6,1,0,Alıcı Ödemeli Kargo,True,roomvintage,113,False,2026-03-08T15:16:49.285032,20250712,elbise,Diğer,S/M Beden,PAYLA,Az Kullanılmış,1,True,False,False,0,Budget,0.799,0.0,1,0
https://dolap.com/urun/american-vintage-lacivert-t-shirt-yeni-roomvintage-441085968,441085968,elbise,,American Vintage - M/L Beden,American Vintage Lacivert T-Shirt Yeni Online Satın Al,399.0,,False,Yeni,Lacivert,,American Vintage Lacivert T-Shirt Yeni Online Satın Al,54,8,9,32,0,Ücretsiz Kargo,False,roomvintage,113,False,2026-03-08T15:16:52.922465,20250712,elbise,American Vintage,M/L Beden,M/L Beden,Yeni,2,True,False,False,3,Premium,1.602,0.0,1,1
https://dolap.com/urun/american-vintage-cok-renkli-diger-ev-tekstili-yeni-etiketli-roomvintage-442539642,442539642,elbise,,American Vintage - Tek Ebat Beden,American Vintage Çok Renkli Diğer Ev Tekstili Yeni & Etiketli Online Satın Al,100.0,131.0,True,Yeni ve Etiketli,Çok Renkli,PAYLA,American Vintage Çok Renkli Diğer Ev Tekstili Yeni & Etiketli Online Satın Al,77,13,2,23,0,Alıcı Ödemeli Kargo,True,roomvintage,113,False,2026-03-08T15:16:56.939692,20250712,elbise,American Vintage,Tek Ebat Beden,PAYLA,Yeni & Etiketli,3,True,False,False,3,Premium,0.402,23.7,2,1
https://dolap.com/urun/pull-bear-pembe-body-yeni-etiketli-ucuzvemarkadolap-445958792,445958792,elbise,,Pull & Bear - XL / 42 Beden,Pull & Bear Pembe Body Yeni & Etiketli Online Satın Al,1221.0,,False,Yeni ve Etiketli,Pembe,,Pull & Bear Pembe Body Yeni & Etiketli Online Satın Al,54,11,9,4,0,Ücretsiz Kargo,False,ucuzvemarkadolap,676,False,2026-03-08T15:17:00.926157,20250712,elbise,Pull & Bear,XL / 42 Beden,XL / 42 Beden,Yeni & Etiketli,3,True,False,False,4,Luxury,4.904,0.0,0,0
https://dolap.com/urun/pull-bear-kahverengi-body-yeni-etiketli-ucuzvemarkadolap-445958428,445958428,elbise,,Pull & Bear - M / 38 Beden,Pull & Bear Kahverengi Body Yeni & Etiketli Online Satın Al,1531.0,,False,Yeni ve Etiketli,Kahverengi,,Pull & Bear Kahverengi Body Yeni & Etiketli Online Satın Al,59,11,6,4,0,Ücretsiz Kargo,False,ucuzvemarkadolap,676,False,2026-03-08T15:17:09.092426,20250712,elbise,Pull & Bear,M / 38 Beden,M / 38 Beden,Yeni & Etiketli,3,True,False,False,4,Luxury,6.149,0.0,0,0
https://dolap.com/urun/pull-bear-lacivert-bluz-yeni-etiketli-ucuzvemarkadolap-445957992,445957992,elbise,,Pull & Bear - M / 38 Beden,Pull & Bear Lacivert Bluz Yeni & Etiketli Online Satın Al,1350.0,,False,Yeni ve Etiketli,Lacivert,,Pull & Bear Lacivert Bluz Yeni & Etiketli Online Satın Al,57,11,4,4,0,Ücretsiz Kargo,False,ucuzvemarkadolap,676,False,2026-03-08T15:17:15.393271,20250712,elbise,Pull & Bear,M / 38 Beden,M / 38 Beden,Yeni & Etiketli,3,True,False,False,4,Luxury,5.422,0.0,0,0
https://dolap.com/urun/pull-bear-mavi-bluz-yeni-etiketli-ucuzvemarkadolap-445957676,445957676,elbise,,Pull & Bear - M / 38 Beden,Pull & Bear Mavi Bluz Yeni & Etiketli Online Satın Al,1500.0,,False,Yeni ve Etiketli,Mavi,,Pull & Bear Mavi Bluz Yeni & Etiketli Online Satın Al,53,11,4,4,0,Ücretsiz Kargo,False,ucuzvemarkadolap,676,False,2026-03-08T15:17:19.112146,20250712,elbise,Pull & Bear,M / 38 Beden,M / 38 Beden,Yeni & Etiketli,3,True,False,False,4,Luxury,6.024,0.0,0,0
https://dolap.com/urun/pull-bear-bej-bluz-yeni-etiketli-ucuzvemarkadolap-445957297,445957297,elbise,,Pull & Bear - M / 38 Beden,Pull & Bear Bej Bluz Yeni & Etiketli Online Satın Al,1250.0,,False,Yeni ve Etiketli,Bej,,Pull & Bear Bej Bluz Yeni & Etiketli Online Satın Al,52,11,4,4,0,Ücretsiz Kargo,False,ucuzvemarkadolap,676,False,2026-03-08T15:17:27.032108,20250712,elbise,Pull & Bear,M / 38 Beden,M / 38 Beden,Yeni & Etiketli,3,True,False,False,4,Luxury,5.02,0.0,0,0
https://dolap.com/urun/pull-bear-siyah-pelus-kurk-az-kullanilmis-ucuzvemarkadolap-355238146,355238146,elbise,,Pull & Bear - M / 38 Beden,Pull & Bear Siyah Peluş Kürk Az Kullanılmış Online Satın Al,1200.0,,False,Az Kullanılmış,Siyah,,Pull & Bear - M / 38 Beden,26,8,4,16,0,Ücretsiz Kargo,False,ucuzvemarkadolap,676,False,2026-03-08T15:17:31.877833,20250712,elbise,Pull & Bear,M / 38 Beden,M / 38 Beden,Az Kullanılmış,1,False,False,False,4,Luxury,4.819,0.0,1,1
https://dolap.com/urun/arzum-siyah-sac-duzlestirici-sac-masasi-az-kullanilmis-ucuzvemarkadolap-164066024,164066024,elbise,,Arzum,Arzum Siyah Saç Düzleştirici / Saç Maşası Az Kullanılmış Online Satın Al,2480.0,,False,Yeni,Siyah,,Zerafetinize Zerafet Katicak Yeni Trend Ve En Uygun Fiyat Garantili Bayan ÇANTA Modellerimiz İçin Dolabımı Ziyaret Etmek İstermisin Beğenilerinizi ve Takiplerinizi Bekliyorum Şimdiden Çok Teşekkürler Bol Kazançlar,213,27,3,66,0,Ücretsiz Kargo,False,ucuzvemarkadolap,676,False,2026-03-08T15:17:34.694534,20250712,elbise,Arzum,,,Yeni,2,False,False,False,4,Luxury,9.96,0.0,1,1
https://dolap.com/urun/bershka-cicek-desenli-ic-camasiri-takimlari-yeni-etiketli-ucuzvemarkadolap-354336662,354336662,elbise,,Bershka - M / 38 Beden,Bershka Çiçek Desenli İç Çamaşırı Takımları Yeni & Etiketli Online Satın Al,630.0,,False,Yeni ve Etiketli,Çiçek Desenli,,Bershka Çiçek Desenli İç Çamaşırı Takımları Yeni & Etiketli Online Satın Al,75,12,6,29,0,Ücretsiz Kargo,False,ucuzvemarkadolap,676,False,2026-03-08T15:17:38.868914,20250712,elbise,Bershka,M / 38 Beden,M / 38 Beden,Yeni & Etiketli,3,True,False,False,3,Premium,2.53,0.0,1,1
https://dolap.com/urun/koton-yesil-sutyen-yeni-ucuzvemarkadolap-440392296,440392296,elbise,,Koton - 38,Koton Yeşil Sütyen Yeni Online Satın Al,530.0,,False,Yeni & Etiketli,Yeşil,,Koton Yeşil Sütyen Yeni Online Satın Al,39,7,6,4,0,Ücretsiz Kargo,False,ucuzvemarkadolap,676,False,2026-03-08T15:17:43.199546,20250712,elbise,Koton,38,38,Yeni & Etiketli,3,True,False,False,0,Budget,2.129,0.0,0,0
https://dolap.com/urun/cadence-renksiz-makyaj-duzenleyici-yeni-etiketli-ucuzvemarkadolap-164555073,164555073,elbise,,Cadence,Cadence Renksiz Makyaj Düzenleyici Yeni & Etiketli Online Satın Al,2710.0,,False,Yeni ve Etiketli,Renksiz,,Cadence Renksiz Makyaj Düzenleyici Yeni & Etiketli Online Satın Al,66,10,3,123,0,Ücretsiz Kargo,False,ucuzvemarkadolap,676,False,2026-03-08T15:17:46.230228,20250712,elbise,Cadence,,,Yeni & Etiketli,3,True,False,False,4,Luxury,10.884,0.0,1,1
https://dolap.com/urun/koton-turuncu-bustiyer-yeni-etiketli-ucuzvemarkadolap-353185977,353185977,elbise,,Koton - S / 36 Beden,Koton Turuncu Büstiyer Yeni & Etiketli Online Satın Al,420.0,,False,Yeni ve Etiketli,Turuncu,,Koton Turuncu Büstiyer Yeni & Etiketli Online Satın Al,54,9,7,4,0,Ücretsiz Kargo,False,ucuzvemarkadolap,676,False,2026-03-08T15:17:50.009459,20250712,elbise,Koton,S / 36 Beden,S / 36 Beden,Yeni & Etiketli,3,True,False,False,0,Budget,1.687,0.0,0,0
https://dolap.com/urun/zara-siyah-bluz-yeni-etiketli-ucuzvemarkadolap-359025771,359025771,elbise,,Zara - S / 36 Beden,Zara Siyah Bluz Yeni & Etiketli Online Satın Al,1280.0,,False,Yeni ve Etiketli,Siyah,,Zara Siyah Bluz Yeni & Etiketli Online Satın Al,47,9,5,1,0,Ücretsiz Kargo,False,ucuzvemarkadolap,676,False,2026-03-08T15:17:53.318314,20250712,elbise,Zara,S / 36 Beden,S / 36 Beden,Yeni & Etiketli,3,True,False,False,2,Mid-Range,5.141,0.0,0,0
https://dolap.com/urun/pull-bear-yesil-sweatshirt-yeni-ucuzvemarkadolap-319676003,319676003,elbise,,Pull & Bear - Tek Ebat Beden,Pull & Bear Yeşil Sweatshirt Yeni Online Satın Al,1710.0,,False,Yeni,Yeşil,,Pull & Bear Yeşil Sweatshirt Yeni Online Satın Al,49,9,9,2,0,Ücretsiz Kargo,False,ucuzvemarkadolap,676,False,2026-03-08T15:17:58.118486,20250712,elbise,Pull & Bear,Tek Ebat Beden,Tek Ebat Beden,Yeni,2,True,False,False,4,Luxury,6.867,0.0,0,0
https://dolap.com/urun/pull-bear-gri-bluz-yeni-etiketli-ucuzvemarkadolap-444833986,444833986,elbise,,Pull & Bear - S / 36 Beden,Pull & Bear Gri Bluz Yeni & Etiketli Online Satın Al,950.0,,False,Yeni ve Etiketli,Gri,,Pull & Bear Gri Bluz Yeni & Etiketli Online Satın Al,52,11,8,14,0,Ücretsiz Kargo,False,ucuzvemarkadolap,676,False,2026-03-08T15:18:03.327885,20250712,elbise,Pull & Bear,S / 36 Beden,S / 36 Beden,Yeni & Etiketli,3,True,False,False,4,Luxury,3.815,0.0,1,1
https://dolap.com/urun/stradivarius-sari-t-shirt-yeni-etiketli-ucuzvemarkadolap-444112740,444112740,elbise,,Stradivarius - M / 38 Beden,Stradivarius Sarı T-Shirt Yeni & Etiketli Online Satın Al,1100.0,,False,Yeni ve Etiketli,Sarı,,Stradivarius Sarı T-Shirt Yeni & Etiketli Online Satın Al,57,9,8,5,0,Ücretsiz Kargo,False,ucuzvemarkadolap,676,False,2026-03-08T15:18:09.746836,20250712,elbise,Stradivarius,M / 38 Beden,M / 38 Beden,Yeni & Etiketli,3,True,False,False,3,Premium,4.418,0.0,0,0
https://dolap.com/urun/pull-bear-gri-bluz-yeni-etiketli-ucuzvemarkadolap-444834215,444834215,elbise,,Pull & Bear - S / 36 Beden,Pull & Bear Gri Bluz Yeni & Etiketli Online Satın Al,900.0,,False,Yeni ve Etiketli,Gri,,Pull & Bear Gri Bluz Yeni & Etiketli Online Satın Al,52,11,7,15,0,Ücretsiz Kargo,False,ucuzvemarkadolap,676,False,2026-03-08T15:18:14.752826,20250712,elbise,Pull & Bear,S / 36 Beden,S / 36 Beden,Yeni & Etiketli,3,True,False,False,4,Luxury,3.614,0.0,1,1
https://dolap.com/urun/pull-bear-krem-t-shirt-yeni-etiketli-ucuzvemarkadolap-445007870,445007870,elbise,,Pull & Bear - M / 38 Beden,Pull & Bear Krem T-Shirt Yeni & Etiketli Online Satın Al,900.0,,False,Yeni ve Etiketli,Krem,,Pull & Bear Krem T-Shirt Yeni & Etiketli Online Satın Al,56,11,6,15,0,Ücretsiz Kargo,False,ucuzvemarkadolap,676,False,2026-03-08T15:18:20.898126,20250712,elbise,Pull & Bear,M / 38 Beden,M / 38 Beden,Yeni & Etiketli,3,True,False,False,4,Luxury,3.614,0.0,1,1
https://dolap.com/urun/bershka-gri-kazak-yeni-etiketli-ucuzvemarkadolap-444112199,444112199,elbise,,Bershka - S / 36 Beden,Bershka Gri Kazak Yeni & Etiketli Online Satın Al,1060.0,,False,Yeni ve Etiketli,Gri,,Bershka Gri Kazak Yeni & Etiketli Online Satın Al,49,9,8,7,0,Ücretsiz Kargo,False,ucuzvemarkadolap,676,False,2026-03-08T15:18:24.687692,20250712,elbise,Bershka,S / 36 Beden,S / 36 Beden,Yeni & Etiketli,3,True,False,False,3,Premium,4.257,0.0,1,1
https://dolap.com/urun/bershka-siyah-bluz-yeni-etiketli-ucuzvemarkadolap-445006265,445006265,elbise,,Bershka - M / 38 Beden,Bershka Siyah Bluz Yeni & Etiketli Online Satın Al,870.0,,False,Yeni ve Etiketli,Siyah,,Bershka Siyah Bluz Yeni & Etiketli Online Satın Al,50,9,6,14,0,Ücretsiz Kargo,False,ucuzvemarkadolap,676,False,2026-03-08T15:18:28.192837,20250712,elbise,Bershka,M / 38 Beden,M / 38 Beden,Yeni & Etiketli,3,True,False,False,3,Premium,3.494,0.0,1,1
https://dolap.com/urun/zara-taba-etek-yeni-etiketli-ucuzvemarkadolap-359452036,359452036,elbise,,Zara - M / 38 Beden,Zara Taba Etek Yeni & Etiketli Online Satın Al,974.0,,False,Yeni ve Etiketli,Taba,,Zara Taba Etek Yeni & Etiketli Online Satın Al,46,9,8,9,0,Ücretsiz Kargo,False,ucuzvemarkadolap,676,False,2026-03-08T15:18:32.413033,20250712,elbise,Zara,M / 38 Beden,M / 38 Beden,Yeni & Etiketli,3,True,False,False,2,Mid-Range,3.912,0.0,1,1
https://dolap.com/urun/bershka-beyaz-t-shirt-yeni-etiketli-ucuzvemarkadolap-444323309,444323309,elbise,,Bershka - M / 38 Beden,Bershka Beyaz T-Shirt Yeni & Etiketli Online Satın Al,771.0,,False,Yeni ve Etiketli,Beyaz,,Bershka Beyaz T-Shirt Yeni & Etiketli Online Satın Al,53,9,6,18,0,Ücretsiz Kargo,False,ucuzvemarkadolap,676,False,2026-03-08T15:18:35.681793,20250712,elbise,Bershka,M / 38 Beden,M / 38 Beden,Yeni & Etiketli,3,True,False,False,3,Premium,3.096,0.0,1,1
https://dolap.com/urun/bershka-siyah-bluz-yeni-etiketli-ucuzvemarkadolap-89072067,89072067,elbise,,Bershka - S / 36 Beden,Bershka Siyah Bluz Yeni & Etiketli Online Satın Al,857.0,,False,Yeni ve Etiketli,Siyah,,Bershka Siyah Bluz Yeni & Etiketli Online Satın Al,50,9,5,21,0,Ücretsiz Kargo,False,ucuzvemarkadolap,676,False,2026-03-08T15:18:39.319276,20250712,elbise,Bershka,S / 36 Beden,S / 36 Beden,Yeni & Etiketli,3,True,False,False,3,Premium,3.442,0.0,1,1
https://dolap.com/urun/pull-bear-yesil-bluz-yeni-etiketli-ucuzvemarkadolap-445005042,445005042,elbise,,Pull & Bear - M / 38 Beden,Pull & Bear Yeşil Bluz Yeni & Etiketli Online Satın Al,800.0,,False,Yeni ve Etiketli,Yeşil,,Pull & Bear Yeşil Bluz Yeni & Etiketli Online Satın Al,54,11,7,11,0,Ücretsiz Kargo,False,ucuzvemarkadolap,676,False,2026-03-08T15:18:45.353893,20250712,elbise,Pull & Bear,M / 38 Beden,M / 38 Beden,Yeni & Etiketli,3,True,False,False,4,Luxury,3.213,0.0,1,1
https://dolap.com/urun/pull-bear-siyah-bluz-yeni-etiketli-ucuzvemarkadolap-444833920,444833920,elbise,,Pull & Bear - M / 38 Beden,Pull & Bear Siyah Bluz Yeni & Etiketli Online Satın Al,991.0,,False,Yeni ve Etiketli,Siyah,,Pull & Bear Siyah Bluz Yeni & Etiketli Online Satın Al,54,11,9,13,0,Ücretsiz Kargo,False,ucuzvemarkadolap,676,False,2026-03-08T15:18:50.275542,20250712,elbise,Pull & Bear,M / 38 Beden,M / 38 Beden,Yeni & Etiketli,3,True,False,False,4,Luxury,3.98,0.0,1,1
https://dolap.com/urun/zara-beyaz-jeans-yeni-ucuzvemarkadolap-352249459,352249459,elbise,,Zara - S / 36 Beden,Zara Beyaz Jeans Yeni Online Satın Al,785.0,,False,Yeni,Beyaz,,Zara Beyaz Jeans Yeni Online Satın Al,37,7,5,0,0,Ücretsiz Kargo,False,ucuzvemarkadolap,676,False,2026-03-08T15:18:52.989794,20250712,elbise,Zara,S / 36 Beden,S / 36 Beden,Yeni,2,True,False,False,2,Mid-Range,3.153,0.0,0,0
https://dolap.com/urun/pull-bear-gri-t-shirt-yeni-etiketli-ucuzvemarkadolap-444834002,444834002,elbise,,Pull & Bear - M / 38 Beden,Pull & Bear Gri T-Shirt Yeni & Etiketli Online Satın Al,750.0,,False,Yeni ve Etiketli,Gri,,Pull & Bear Gri T-Shirt Yeni & Etiketli Online Satın Al,55,11,5,13,0,Ücretsiz Kargo,False,ucuzvemarkadolap,676,False,2026-03-08T15:18:55.704620,20250712,elbise,Pull & Bear,M / 38 Beden,M / 38 Beden,Yeni & Etiketli,3,True,False,False,4,Luxury,3.012,0.0,1,1
https://dolap.com/urun/pull-bear-gri-t-shirt-yeni-etiketli-ucuzvemarkadolap-211668977,211668977,elbise,,Pull & Bear - M / 38 Beden,Pull & Bear Gri T-Shirt Yeni & Etiketli Online Satın Al,700.0,,False,Yeni ve Etiketli,Gri,,Pull & Bear Gri T-Shirt Yeni & Etiketli Online Satın Al,55,11,5,28,0,Ücretsiz Kargo,False,ucuzvemarkadolap,676,False,2026-03-08T15:18:59.591595,20250712,elbise,Pull & Bear,M / 38 Beden,M / 38 Beden,Yeni & Etiketli,3,True,False,False,4,Luxury,2.811,0.0,1,1
https://dolap.com/urun/diger-krem-bluz-yeni-etiketli-ucuzvemarkadolap-213785305,213785305,elbise,,Diğer - M / 38 Beden,Diğer Krem Bluz Yeni & Etiketli Online Satın Al,641.0,,False,Yeni ve Etiketli,Krem,,Diğer Krem Bluz Yeni & Etiketli Online Satın Al,47,9,4,30,0,Ücretsiz Kargo,False,ucuzvemarkadolap,676,False,2026-03-08T15:19:04.177804,20250712,elbise,Diğer,M / 38 Beden,M / 38 Beden,Yeni & Etiketli,3,True,False,False,0,Budget,2.574,0.0,1,1
https://dolap.com/urun/bershka-siyah-bluz-yeni-etiketli-ucuzvemarkadolap-444834801,444834801,elbise,,Bershka - L / 40 Beden,Bershka Siyah Bluz Yeni & Etiketli Online Satın Al,640.0,,False,Yeni ve Etiketli,Siyah,,Bershka Siyah Bluz Yeni & Etiketli Online Satın Al,50,9,5,18,0,Ücretsiz Kargo,False,ucuzvemarkadolap,676,False,2026-03-08T15:19:08.564225,20250712,elbise,Bershka,L / 40 Beden,L / 40 Beden,Yeni & Etiketli,3,True,False,False,3,Premium,2.57,0.0,1,1
https://dolap.com/urun/bershka-bej-mont-yeni-ucuzvemarkadolap-261096325,261096325,elbise,,Bershka - M / 38 Beden,Bershka Bej Mont Yeni Online Satın Al,850.0,,False,Yeni,Bej,,Bershka Bej Mont Yeni Online Satın Al,37,7,7,13,0,Ücretsiz Kargo,False,ucuzvemarkadolap,676,False,2026-03-08T15:19:12.911600,20250712,elbise,Bershka,M / 38 Beden,M / 38 Beden,Yeni,2,True,False,False,3,Premium,3.414,0.0,1,1
https://dolap.com/urun/bershka-siyah-body-yeni-etiketli-ucuzvemarkadolap-444832848,444832848,elbise,,Bershka - S / 36 Beden,Bershka Siyah Body Yeni & Etiketli Online Satın Al,710.0,,False,Yeni ve Etiketli,Siyah,,Bershka Siyah Body Yeni & Etiketli Online Satın Al,50,9,6,25,0,Ücretsiz Kargo,False,ucuzvemarkadolap,676,False,2026-03-08T15:19:16.085599,20250712,elbise,Bershka,S / 36 Beden,S / 36 Beden,Yeni & Etiketli,3,True,False,False,3,Premium,2.851,0.0,1,1
https://dolap.com/urun/stradivarius-siyah-body-yeni-ucuzvemarkadolap-84213023,84213023,elbise,,Stradivarius - M / 38 Beden,Stradivarius Siyah Body Yeni Online Satın Al,950.0,,False,Yeni & Etiketli,Siyah,,Stradivarius Siyah Body Yeni Online Satın Al,44,7,4,8,0,Ücretsiz Kargo,False,ucuzvemarkadolap,676,False,2026-03-08T15:19:19.696289,20250712,elbise,Stradivarius,M / 38 Beden,M / 38 Beden,Yeni & Etiketli,3,True,False,False,3,Premium,3.815,0.0,1,1
https://dolap.com/urun/stradivarius-siyah-kaban-az-kullanilmis-ucuzvemarkadolap-172285686,172285686,elbise,,Stradivarius - M / 38 Beden,Stradivarius Siyah Kaban Az Kullanılmış Online Satın Al,700.0,,False,Az Kullanılmış,Siyah,,Stradivarius - M / 38 Beden,27,6,9,7,0,Ücretsiz Kargo,False,ucuzvemarkadolap,676,False,2026-03-08T15:19:25.489362,20250712,elbise,Stradivarius,M / 38 Beden,M / 38 Beden,Az Kullanılmış,1,False,False,False,3,Premium,2.811,0.0,1,1
https://dolap.com/urun/bershka-bej-sweatshirt-yeni-ucuzvemarkadolap-91580898,91580898,elbise,,Bershka - M / 38 Beden,Bershka Bej Sweatshirt Yeni Online Satın Al,800.0,,False,Yeni,Bej,,Bershka Bej Sweatshirt Yeni Online Satın Al,43,7,6,2,0,Ücretsiz Kargo,False,ucuzvemarkadolap,676,False,2026-03-08T15:19:28.854685,20250712,elbise,Bershka,M / 38 Beden,M / 38 Beden,Yeni,2,True,False,False,3,Premium,3.213,0.0,0,0
https://dolap.com/urun/zara-gri-kazak-yeni-etiketli-ucuzvemarkadolap-359539602,359539602,elbise,,Zara - M / 38 Beden,Zara Gri Kazak Yeni & Etiketli Online Satın Al,750.0,,False,Yeni ve Etiketli,Gri,,Zara Gri Kazak Yeni & Etiketli Online Satın Al,46,9,6,3,0,Ücretsiz Kargo,False,ucuzvemarkadolap,676,False,2026-03-08T15:19:33.363489,20250712,elbise,Zara,M / 38 Beden,M / 38 Beden,Yeni & Etiketli,3,True,False,False,2,Mid-Range,3.012,0.0,0,0
https://dolap.com/urun/bershka-sari-bluz-yeni-ucuzvemarkadolap-352692701,352692701,elbise,,Bershka - S / 36 Beden,Bershka Sarı Bluz Yeni Online Satın Al,490.0,,False,Yeni,Sarı,,Bershka Sarı Bluz Yeni Online Satın Al,38,7,4,2,0,Ücretsiz Kargo,False,ucuzvemarkadolap,676,False,2026-03-08T15:19:37.801169,20250712,elbise,Bershka,S / 36 Beden,S / 36 Beden,Yeni,2,True,False,False,3,Premium,1.968,0.0,0,0
https://dolap.com/urun/diger-mavi-jeans-az-kullanilmis-bazeen-445751529,445751529,mont,,Diğer - XS / 34 Beden,Diğer Mavi Jeans Az Kullanılmış Online Satın Al,249.0,,False,Yeni & Etiketli,Mavi,PAYLA,Diğer - XS / 34 Beden,21,6,6,0,0,Alıcı Ödemeli Kargo,True,bazeen,62,False,2026-03-08T15:20:17.706236,20250712,mont,Diğer,XS / 34 Beden,PAYLA,Yeni & Etiketli,3,False,False,False,0,Budget,0.622,0.0,1,0
https://dolap.com/urun/diger-siyah-jeans-az-kullanilmis-bazeen-445755438,445755438,mont,,Diğer - XS / 34 Beden,Diğer Siyah Jeans Az Kullanılmış Online Satın Al,249.0,,False,Az Kullanılmış,Siyah,PAYLA,Diğer - XS / 34 Beden,21,6,6,0,0,Alıcı Ödemeli Kargo,True,bazeen,62,False,2026-03-08T15:20:22.182742,20250712,mont,Diğer,XS / 34 Beden,PAYLA,Az Kullanılmış,1,False,False,False,0,Budget,0.622,0.0,1,0
https://dolap.com/urun/diger-siyah-jeans-az-kullanilmis-bazeen-445753831,445753831,mont,,Diğer - XS / 34 Beden,Diğer Siyah Jeans Az Kullanılmış Online Satın Al,249.0,,False,Az Kullanılmış,Siyah,PAYLA,Diğer - XS / 34 Beden,21,6,6,0,0,Alıcı Ödemeli Kargo,True,bazeen,62,False,2026-03-08T15:20:27.193128,20250712,mont,Diğer,XS / 34 Beden,PAYLA,Az Kullanılmış,1,False,False,False,0,Budget,0.622,0.0,1,0
https://dolap.com/urun/diger-ekoseli-gomlek-az-kullanilmis-bazeen-445747968,445747968,mont,,Diğer - M / 38 Beden,Diğer Ekoseli Gömlek Az Kullanılmış Online Satın Al,200.0,,False,Az Kullanılmış,Ekoseli,PAYLA,Diğer Ekoseli Gömlek Az Kullanılmış Online Satın Al,51,8,6,0,0,Alıcı Ödemeli Kargo,True,bazeen,62,False,2026-03-08T15:20:30.285205,20250712,mont,Diğer,M / 38 Beden,PAYLA,Az Kullanılmış,1,True,False,False,0,Budget,0.5,0.0,1,0
https://dolap.com/urun/diger-vizon-gunluk-elbise-az-kullanilmis-bazeen-445746408,445746408,mont,,Diğer - L / 40 Beden,Diğer Vizon Günlük Elbise Az Kullanılmış Online Satın Al,200.0,,False,Az Kullanılmış,Vizon,PAYLA,Diğer Vizon Günlük Elbise Az Kullanılmış Online Satın Al,56,9,6,0,0,Alıcı Ödemeli Kargo,True,bazeen,62,False,2026-03-08T15:20:33.601223,20250712,mont,Diğer,L / 40 Beden,PAYLA,Az Kullanılmış,1,True,False,False,0,Budget,0.5,0.0,1,0
https://dolap.com/urun/bershka-haki-parka-az-kullanilmis-bazeen-445743276,445743276,mont,,Bershka - S / 36 Beden,Bershka Haki Parka Az Kullanılmış Online Satın Al,249.0,,False,Az Kullanılmış,Haki,PAYLA,Bershka - S / 36 Beden,22,6,6,0,0,Alıcı Ödemeli Kargo,True,bazeen,62,False,2026-03-08T15:20:37.680547,20250712,mont,Bershka,S / 36 Beden,PAYLA,Az Kullanılmış,1,False,False,False,3,Premium,0.622,0.0,1,0
https://dolap.com/urun/pull-bear-siyah-mont-az-kullanilmis-bazeen-445740231,445740231,mont,,Pull & Bear - S / 36 Beden,Pull & Bear Siyah Mont Az Kullanılmış Online Satın Al,249.0,,False,Yeni & Etiketli,Siyah,PAYLA,Pull & Bear Siyah Mont Az Kullanılmış Online Satın Al,53,10,5,22,0,Alıcı Ödemeli Kargo,True,bazeen,62,False,2026-03-08T15:20:41.384709,20250712,mont,Pull & Bear,S / 36 Beden,PAYLA,Yeni & Etiketli,3,True,False,False,4,Luxury,0.622,0.0,2,1
https://dolap.com/urun/diger-beyaz-bere-yeni-etiketli-bazeen-325602115,325602115,mont,,Diğer,Diğer Beyaz Bere Yeni & Etiketli Online Satın Al,40.0,,False,Yeni ve Etiketli,Beyaz,,Diğer Beyaz Bere Yeni & Etiketli Online Satın Al,48,9,4,4,0,Alıcı Ödemeli Kargo,True,bazeen,62,False,2026-03-08T15:20:45.602014,20250712,mont,Diğer,,,Yeni & Etiketli,3,True,False,False,0,Budget,0.1,0.0,1,0
https://dolap.com/urun/eklips-siyah-sac-fircasi-ve-tarak-yeni-bazeen-433136569,433136569,mont,,Eklips,Eklips Siyah Saç Fırçası ve Tarak Yeni Online Satın Al,40.0,,False,Yeni,Siyah,,Eklips Siyah Saç Fırçası ve Tarak Yeni Online Satın Al,54,10,4,1,0,Alıcı Ödemeli Kargo,True,bazeen,62,False,2026-03-08T15:20:49.674329,20250712,mont,Eklips,,,Yeni,2,True,False,False,0,Budget,0.1,0.0,1,0
https://dolap.com/urun/defacto-cok-renkli-blazer-ceket-az-kullanilmis-bazeen-317501799,317501799,mont,,Defacto - S / 36 Beden,Defacto Çok Renkli Blazer / Ceket Az Kullanılmış Online Satın Al,90.0,,False,Az Kullanılmış,Çok Renkli,PAYLA,Defacto Çok Renkli Blazer / Ceket Az Kullanılmış Online Satın Al,64,11,7,1,0,Alıcı Ödemeli Kargo,True,bazeen,62,False,2026-03-08T15:20:54.308394,20250712,mont,Defacto,S / 36 Beden,PAYLA,Az Kullanılmış,1,True,False,False,0,Budget,0.225,0.0,1,0
https://dolap.com/urun/h-m-gri-kisa-elbise-yeni-bazeen-299491616,299491616,mont,,H&M - S / 36 Beden,H&M Gri Kısa Elbise Yeni Online Satın Al,80.0,,False,Yeni,Gri,PAYLA,H&M Gri Kısa Elbise Yeni Online Satın Al,40,8,5,4,0,Alıcı Ödemeli Kargo,True,bazeen,62,False,2026-03-08T15:20:58.444719,20250712,mont,H&M,S / 36 Beden,PAYLA,Yeni,2,True,False,False,1,Economy,0.2,0.0,1,0
https://dolap.com/urun/oxxo-siyah-hirka-yeni-bazeen-371235703,371235703,mont,,OXXO - S / 36 Beden,OXXO Siyah Hırka Yeni Online Satın Al,90.0,,False,Yeni,Siyah,PAYLA,OXXO Siyah Hırka Yeni Online Satın Al,37,7,7,4,0,Alıcı Ödemeli Kargo,True,bazeen,62,False,2026-03-08T15:21:02.565417,20250712,mont,OXXO,S / 36 Beden,PAYLA,Yeni,2,True,False,False,1,Economy,0.225,0.0,1,0
https://dolap.com/urun/diger-beyaz-ders-sinav-yeni-etiketli-bazeen-359044392,359044392,mont,,Diğer,Diğer Beyaz Ders/Sınav Yeni & Etiketli Online Satın Al,60.0,,False,Yeni ve Etiketli,Beyaz,,Diğer Beyaz Ders/Sınav Yeni & Etiketli Online Satın Al,54,9,4,1,0,Alıcı Ödemeli Kargo,True,bazeen,62,False,2026-03-08T15:21:05.842997,20250712,mont,Diğer,,,Yeni & Etiketli,3,True,False,False,0,Budget,0.15,0.0,1,0
https://dolap.com/urun/diger-cok-renkli-biblo-yeni-etiketli-bazeen-431203172,431203172,mont,,Diğer,Diğer Çok Renkli Biblo Yeni & Etiketli Online Satın Al,60.0,,False,Yeni ve Etiketli,Çok Renkli,,Diğer Çok Renkli Biblo Yeni & Etiketli Online Satın Al,54,10,7,3,0,Alıcı Ödemeli Kargo,True,bazeen,62,False,2026-03-08T15:21:09.844908,20250712,mont,Diğer,,,Yeni & Etiketli,3,True,False,False,0,Budget,0.15,0.0,1,0
https://dolap.com/urun/diger-lacivert-loafer-ayakkabi-az-kullanilmis-bazeen-317467256,317467256,mont,,Diğer - 37 Numara,Diğer Lacivert Loafer Ayakkabı Az Kullanılmış Online Satın Al,70.0,,False,Az Kullanılmış,Lacivert,,Diğer Lacivert Loafer Ayakkabı Az Kullanılmış Online Satın Al,61,9,5,5,0,Alıcı Ödemeli Kargo,True,bazeen,62,False,2026-03-08T15:21:14.001334,20250712,mont,Diğer,37 Numara,37 Numara,Az Kullanılmış,1,True,False,False,0,Budget,0.175,0.0,1,0
https://dolap.com/urun/diger-kahverengi-mum-yeni-bazeen-431196064,431196064,mont,,Diğer,Diğer Kahverengi Mum Yeni Online Satın Al,60.0,,False,Yeni & Etiketli,Kahverengi,,Diğer Kahverengi Mum Yeni Online Satın Al,41,7,5,3,0,Alıcı Ödemeli Kargo,True,bazeen,62,False,2026-03-08T15:21:18.572159,20250712,mont,Diğer,,,Yeni & Etiketli,3,True,False,False,0,Budget,0.15,0.0,1,0
https://dolap.com/urun/diger-yesil-kalem-silgi-yeni-bazeen-436094203,436094203,mont,,Diğer,Diğer Yeşil Kalem/Silgi Yeni Online Satın Al,180.0,,False,Yeni & Etiketli,Yeşil,,Diğer Yeşil Kalem/Silgi Yeni Online Satın Al,44,7,7,1,0,Alıcı Ödemeli Kargo,True,bazeen,62,False,2026-03-08T15:21:23.074174,20250712,mont,Diğer,,,Yeni & Etiketli,3,True,False,False,0,Budget,0.45,0.0,1,0
https://dolap.com/urun/diger-ekoseli-atki-yeni-bazeen-385506999,385506999,mont,,Diğer,Diğer Ekoseli Atkı Yeni Online Satın Al,80.0,,False,Yeni & Etiketli,Ekoseli,,Diğer Ekoseli Atkı Yeni Online Satın Al,39,7,4,2,0,Alıcı Ödemeli Kargo,True,bazeen,62,False,2026-03-08T15:21:26.514990,20250712,mont,Diğer,,,Yeni & Etiketli,3,True,False,False,0,Budget,0.2,0.0,1,0
https://dolap.com/urun/diger-seffaf-vazo-yeni-bazeen-432347425,432347425,mont,,Diğer,Diğer Şeffaf Vazo Yeni Online Satın Al,80.0,,False,Yeni & Etiketli,Şeffaf,,Diğer Şeffaf Vazo Yeni Online Satın Al,38,7,5,2,0,Alıcı Ödemeli Kargo,True,bazeen,62,False,2026-03-08T15:21:30.415917,20250712,mont,Diğer,,,Yeni & Etiketli,3,True,False,False,0,Budget,0.2,0.0,1,0
https://dolap.com/urun/diger-bej-cerceve-yeni-bazeen-433172780,433172780,mont,,Diğer,Diğer Bej Çerçeve Yeni Online Satın Al,100.0,,False,Yeni,Bej,,Diğer Bej Çerçeve Yeni Online Satın Al,38,7,7,1,0,Alıcı Ödemeli Kargo,True,bazeen,62,False,2026-03-08T15:21:34.500493,20250712,mont,Diğer,,,Yeni,2,True,False,False,0,Budget,0.25,0.0,1,0
https://dolap.com/urun/diger-mavi-bileklik-bilezik-yeni-bazeen-395539409,395539409,mont,,Diğer,Diğer Mavi Bileklik / Bilezik Yeni Online Satın Al,110.0,,False,Yeni & Etiketli,Mavi,,Diğer Mavi Bileklik / Bilezik Yeni Online Satın Al,50,9,6,1,0,Alıcı Ödemeli Kargo,True,bazeen,62,False,2026-03-08T15:21:39.653127,20250712,mont,Diğer,,,Yeni & Etiketli,3,True,False,False,0,Budget,0.275,0.0,1,0
https://dolap.com/urun/diger-pembe-saksi-yeni-bazeen-431204631,431204631,mont,,Diğer,Diğer Pembe Saksı Yeni Online Satın Al,60.0,,False,Yeni & Etiketli,Pembe,,Diğer Pembe Saksı Yeni Online Satın Al,38,7,5,3,0,Alıcı Ödemeli Kargo,True,bazeen,62,False,2026-03-08T15:21:42.590833,20250712,mont,Diğer,,,Yeni & Etiketli,3,True,False,False,0,Budget,0.15,0.0,1,0
https://dolap.com/urun/eklips-siyah-sac-fircasi-ve-tarak-yeni-bazeen-433133930,433133930,mont,,Eklips,Eklips Siyah Saç Fırçası ve Tarak Yeni Online Satın Al,40.0,,False,Yeni,Siyah,,Eklips Siyah Saç Fırçası ve Tarak Yeni Online Satın Al,54,10,4,0,0,Alıcı Ödemeli Kargo,True,bazeen,62,False,2026-03-08T15:21:49.473697,20250712,mont,Eklips,,,Yeni,2,True,False,False,0,Budget,0.1,0.0,1,0
https://dolap.com/urun/eklips-siyah-sac-fircasi-ve-tarak-yeni-bazeen-433135124,433135124,mont,,Eklips,Eklips Siyah Saç Fırçası ve Tarak Yeni Online Satın Al,40.0,,False,Yeni,Siyah,,Eklips Siyah Saç Fırçası ve Tarak Yeni Online Satın Al,54,10,4,0,0,Alıcı Ödemeli Kargo,True,bazeen,62,False,2026-03-08T15:21:53.182230,20250712,mont,Eklips,,,Yeni,2,True,False,False,0,Budget,0.1,0.0,1,0
https://dolap.com/urun/diger-beyaz-kupa-fincan-yeni-bazeen-431019207,431019207,mont,,Diğer,Diğer Beyaz Kupa/Fincan Yeni Online Satın Al,60.0,,False,Yeni & Etiketli,Beyaz,,Diğer Beyaz Kupa/Fincan Yeni Online Satın Al,44,7,4,2,0,Alıcı Ödemeli Kargo,True,bazeen,62,False,2026-03-08T15:21:55.877607,20250712,mont,Diğer,,,Yeni & Etiketli,3,True,False,False,0,Budget,0.15,0.0,1,0
https://dolap.com/urun/eklips-siyah-sac-fircasi-ve-tarak-yeni-bazeen-433135248,433135248,mont,,Eklips,Eklips Siyah Saç Fırçası ve Tarak Yeni Online Satın Al,40.0,,False,Yeni,Siyah,,Eklips Siyah Saç Fırçası ve Tarak Yeni Online Satın Al,54,10,4,2,0,Alıcı Ödemeli Kargo,True,bazeen,62,False,2026-03-08T15:21:59.543885,20250712,mont,Eklips,,,Yeni,2,True,False,False,0,Budget,0.1,0.0,1,0
https://dolap.com/urun/lc-waikiki-siyah-tayt-yeni-bazeen-385505043,385505043,mont,,LC Waikiki - XS / 34 Beden,LC Waikiki Siyah Tayt Yeni Online Satın Al,60.0,,False,Yeni,Siyah,PAYLA,LC Waikiki Siyah Tayt Yeni Online Satın Al,42,8,6,0,0,Alıcı Ödemeli Kargo,True,bazeen,62,False,2026-03-08T15:22:04.571910,20250712,mont,LC Waikiki,XS / 34 Beden,PAYLA,Yeni,2,True,False,False,0,Budget,0.15,0.0,1,0
https://dolap.com/urun/defacto-kirmizi-kisa-elbise-yeni-bazeen-299490897,299490897,mont,,Defacto - S / 36 Beden,Defacto Kırmızı Kısa Elbise Yeni Online Satın Al,100.0,,False,Yeni,Kırmızı,PAYLA,Defacto Kırmızı Kısa Elbise Yeni Online Satın Al,48,8,5,3,0,Alıcı Ödemeli Kargo,True,bazeen,62,False,2026-03-08T15:22:07.120096,20250712,mont,Defacto,S / 36 Beden,PAYLA,Yeni,2,True,False,False,0,Budget,0.25,0.0,1,0
https://dolap.com/urun/diger-cok-renkli-kolye-yeni-bazeen-422513296,422513296,mont,,Diğer,Diğer Çok Renkli Kolye Yeni Online Satın Al,80.0,,False,Yeni & Etiketli,Çok Renkli,,Diğer Çok Renkli Kolye Yeni Online Satın Al,43,8,4,0,0,Alıcı Ödemeli Kargo,True,bazeen,62,False,2026-03-08T15:22:10.622203,20250712,mont,Diğer,,,Yeni & Etiketli,3,True,False,False,0,Budget,0.2,0.0,1,0
https://dolap.com/urun/diger-kiremit-firin-kabi-yeni-bazeen-432529721,432529721,mont,,Diğer,Diğer Kiremit Fırın Kabı Yeni Online Satın Al,105.0,,False,Yeni & Etiketli,Kiremit,,Diğer Kiremit Fırın Kabı Yeni Online Satın Al,45,8,4,0,0,Alıcı Ödemeli Kargo,True,bazeen,62,False,2026-03-08T15:22:14.237515,20250712,mont,Diğer,,,Yeni & Etiketli,3,True,False,False,0,Budget,0.262,0.0,1,0
https://dolap.com/urun/bershka-turuncu-bluz-az-kullanilmis-bazeen-370722128,370722128,mont,,Bershka - L / 40 Beden,Bershka Turuncu Bluz Az Kullanılmış Online Satın Al,110.0,,False,Yeni & Etiketli,Turuncu,PAYLA,Bershka - L / 40 Beden,22,6,5,17,0,Alıcı Ödemeli Kargo,True,bazeen,62,False,2026-03-08T15:22:18.815010,20250712,mont,Bershka,L / 40 Beden,PAYLA,Yeni & Etiketli,3,False,False,False,3,Premium,0.275,0.0,2,1
https://dolap.com/urun/diger-siyah-kisa-elbise-yeni-bazeen-373767369,373767369,mont,,Diğer - S / 36 Beden,Diğer Siyah Kısa Elbise Yeni Online Satın Al,150.0,,False,Yeni,Siyah,PAYLA,Diğer Siyah Kısa Elbise Yeni Online Satın Al,44,8,4,3,0,Alıcı Ödemeli Kargo,True,bazeen,62,False,2026-03-08T15:22:23.141713,20250712,mont,Diğer,S / 36 Beden,PAYLA,Yeni,2,True,False,False,0,Budget,0.375,0.0,1,0
https://dolap.com/urun/diger-seffaf-vazo-yeni-bazeen-432348019,432348019,mont,,Diğer,Diğer Şeffaf Vazo Yeni Online Satın Al,80.0,,False,Yeni,Şeffaf,,Diğer Şeffaf Vazo Yeni Online Satın Al,38,7,4,1,0,Alıcı Ödemeli Kargo,True,bazeen,62,False,2026-03-08T15:22:27.675258,20250712,mont,Diğer,,,Yeni,2,True,False,False,0,Budget,0.2,0.0,1,0
https://dolap.com/urun/diger-siyah-sweatshirt-az-kullanilmis-bazeen-316176877,316176877,mont,,Diğer - Tek Ebat Beden,Diğer Siyah Sweatshirt Az Kullanılmış Online Satın Al,130.0,,False,Az Kullanılmış,Siyah,PAYLA,Diğer Siyah Sweatshirt Az Kullanılmış Online Satın Al,53,8,5,4,0,Alıcı Ödemeli Kargo,True,bazeen,62,False,2026-03-08T15:22:30.166634,20250712,mont,Diğer,Tek Ebat Beden,PAYLA,Az Kullanılmış,1,True,False,False,0,Budget,0.325,0.0,1,0
https://dolap.com/urun/h-m-ekoseli-gomlek-az-kullanilmis-bazeen-332287250,332287250,mont,,H&M - 14 yaş Beden,H&M Ekoseli Gömlek Az Kullanılmış Online Satın Al,115.0,,False,Az Kullanılmış,Ekoseli,PAYLA,H&M Ekoseli Gömlek Az Kullanılmış Online Satın Al,49,8,6,1,0,Alıcı Ödemeli Kargo,True,bazeen,62,False,2026-03-08T15:22:35.453548,20250712,mont,H&M,14 yaş Beden,PAYLA,Az Kullanılmış,1,True,False,False,1,Economy,0.288,0.0,1,0
https://dolap.com/urun/diger-pembe-egitici-oyuncak-az-kullanilmis-bazeen-403009789,403009789,mont,,Diğer,Diğer Pembe Eğitici Oyuncak Az Kullanılmış Online Satın Al,120.0,,False,Az Kullanılmış,Pembe,,,0,0,4,5,0,Alıcı Ödemeli Kargo,True,bazeen,62,False,2026-03-08T15:22:39.613917,20250712,mont,Diğer,,,Az Kullanılmış,1,True,False,False,0,Budget,0.3,0.0,1,0
https://dolap.com/urun/lolita-lempicka-siyah-sort-bermuda-az-kullanilmis-unutmadolap-445993365,445993365,mont,,Lolita Lempicka - L / 40 Beden,Lolita Lempicka Siyah Şort & Bermuda Az Kullanılmış Online Satın Al,600.0,,False,Yeni & Etiketli,Siyah,,Lolita Lempicka - L / 40 Beden,30,7,9,1,0,Ücretsiz Kargo,False,unutmadolap,405,False,2026-03-08T15:22:44.484134,20250712,mont,Lolita Lempicka,L / 40 Beden,L / 40 Beden,Yeni & Etiketli,3,False,False,False,3,Premium,1.5,0.0,0,0
https://dolap.com/urun/lolita-lempicka-kahverengi-etek-az-kullanilmis-unutmadolap-445989514,445989514,mont,,Lolita Lempicka - L / 40 Beden,Lolita Lempicka Kahverengi Etek Az Kullanılmış Online Satın Al,750.0,,False,Az Kullanılmış,Kahverengi,,Lolita Lempicka Kahverengi Etek Az Kullanılmış Online Satın Al,62,9,9,1,0,Ücretsiz Kargo,False,unutmadolap,405,False,2026-03-08T15:22:48.768699,20250712,mont,Lolita Lempicka,L / 40 Beden,L / 40 Beden,Az Kullanılmış,1,True,False,False,3,Premium,1.875,0.0,0,0
https://dolap.com/urun/pull-bear-siyah-kot-ceket-az-kullanilmis-unutmadolap-445923470,445923470,mont,,Pull & Bear - M / 38 Beden,Pull & Bear Siyah Kot Ceket Az Kullanılmış Online Satın Al,1350.0,,False,Yeni & Etiketli,Siyah,,Pull & Bear - M / 38 Beden,26,8,9,2,0,Ücretsiz Kargo,False,unutmadolap,405,False,2026-03-08T15:22:53.373325,20250712,mont,Pull & Bear,M / 38 Beden,M / 38 Beden,Yeni & Etiketli,3,False,False,False,4,Luxury,3.375,0.0,0,0
https://dolap.com/urun/american-vintage-ekoseli-blazer-ceket-az-kullanilmis-unutmadolap-445986038,445986038,mont,,American Vintage - S/M Beden,American Vintage Ekoseli Blazer / Ceket Az Kullanılmış Online Satın Al,650.0,,False,Yeni & Etiketli,Ekoseli,,American Vintage - S/M Beden,28,5,8,1,0,Ücretsiz Kargo,False,unutmadolap,405,False,2026-03-08T15:22:57.034280,20250712,mont,American Vintage,S/M Beden,S/M Beden,Yeni & Etiketli,3,False,False,False,3,Premium,1.625,0.0,0,0
https://dolap.com/urun/zara-kahverengi-body-yeni-unutmadolap-445872551,445872551,mont,,Zara - S / 36 Beden,Zara Kahverengi Body Yeni Online Satın Al,550.0,,False,Yeni & Etiketli,Kahverengi,,Zara Kahverengi Body Yeni Online Satın Al,41,7,8,7,0,Ücretsiz Kargo,False,unutmadolap,405,False,2026-03-08T15:23:00.297222,20250712,mont,Zara,S / 36 Beden,S / 36 Beden,Yeni & Etiketli,3,True,False,False,2,Mid-Range,1.375,0.0,0,0
https://dolap.com/urun/etnik-esintiler-cicek-desenli-uzun-elbise-az-kullanilmis-unutmadolap-445916911,445916911,mont,,Etnik Esintiler - XS/S Beden,Etnik Esintiler Çiçek Desenli Uzun Elbise Az Kullanılmış Online Satın Al,400.0,,False,Az Kullanılmış,Çiçek Desenli,,Etnik Esintiler Çiçek Desenli Uzun Elbise Az Kullanılmış Online Satın Al,72,11,8,2,0,Ücretsiz Kargo,False,unutmadolap,405,False,2026-03-08T15:23:04.289247,20250712,mont,Etnik Esintiler,XS/S Beden,XS/S Beden,Az Kullanılmış,1,True,False,False,2,Mid-Range,1.0,0.0,1,0
https://dolap.com/urun/zara-kahverengi-body-yeni-unutmadolap-445886450,445886450,mont,,Zara - S / 36 Beden,Zara Kahverengi Body Yeni Online Satın Al,550.0,,False,Yeni & Etiketli,Kahverengi,,Zara Kahverengi Body Yeni Online Satın Al,41,7,8,11,0,Ücretsiz Kargo,False,unutmadolap,405,False,2026-03-08T15:23:08.011014,20250712,mont,Zara,S / 36 Beden,S / 36 Beden,Yeni & Etiketli,3,True,False,False,2,Mid-Range,1.375,0.0,0,0
https://dolap.com/urun/lolita-lempicka-siyah-gece-elbisesi-az-kullanilmis-unutmadolap-445516225,445516225,mont,,Lolita Lempicka - M / 38 Beden,Lolita Lempicka Siyah Gece Elbisesi Az Kullanılmış Online Satın Al,550.0,,False,Az Kullanılmış,Siyah,,Lolita Lempicka Siyah Gece Elbisesi Az Kullanılmış Online Satın Al,66,10,8,16,0,Ücretsiz Kargo,False,unutmadolap,405,False,2026-03-08T15:23:10.460785,20250712,mont,Lolita Lempicka,M / 38 Beden,M / 38 Beden,Az Kullanılmış,1,True,False,False,3,Premium,1.375,0.0,1,1
https://dolap.com/urun/lolita-lempicka-cok-renkli-kazak-az-kullanilmis-unutmadolap-445719195,445719195,mont,,Lolita Lempicka - Tek Ebat Beden,Lolita Lempicka Çok Renkli Kazak Az Kullanılmış Online Satın Al,500.0,,False,Yeni & Etiketli,Çok Renkli,,Lolita Lempicka Çok Renkli Kazak Az Kullanılmış Online Satın Al,63,10,9,15,0,Ücretsiz Kargo,False,unutmadolap,405,False,2026-03-08T15:23:15.674907,20250712,mont,Lolita Lempicka,Tek Ebat Beden,Tek Ebat Beden,Yeni & Etiketli,3,True,False,False,3,Premium,1.25,0.0,0,0
https://dolap.com/urun/lolita-lempicka-siyah-body-yeni-unutmadolap-445527884,445527884,mont,,Lolita Lempicka - S/M Beden,Lolita Lempicka Siyah Body Yeni Online Satın Al,500.0,,False,Yeni,Siyah,,Lolita Lempicka Siyah Body Yeni Online Satın Al,47,8,9,14,0,Ücretsiz Kargo,False,unutmadolap,405,False,2026-03-08T15:23:19.041110,20250712,mont,Lolita Lempicka,S/M Beden,S/M Beden,Yeni,2,True,False,False,3,Premium,1.25,0.0,0,0
https://dolap.com/urun/lolita-lempicka-siyah-body-yeni-unutmadolap-445529548,445529548,mont,,Lolita Lempicka - XS/S Beden,Lolita Lempicka Siyah Body Yeni Online Satın Al,500.0,,False,Yeni,Siyah,,Lolita Lempicka Siyah Body Yeni Online Satın Al,47,8,8,21,0,Ücretsiz Kargo,False,unutmadolap,405,False,2026-03-08T15:23:22.701671,20250712,mont,Lolita Lempicka,XS/S Beden,XS/S Beden,Yeni,2,True,False,False,3,Premium,1.25,0.0,1,1
https://dolap.com/urun/lolita-lempicka-siyah-body-yeni-etiketli-unutmadolap-445555229,445555229,mont,,Lolita Lempicka - S/M Beden,Lolita Lempicka Siyah Body Yeni & Etiketli Online Satın Al,700.0,,False,Yeni ve Etiketli,Siyah,,Lolita Lempicka Siyah Body Yeni & Etiketli Online Satın Al,58,10,8,18,0,Ücretsiz Kargo,False,unutmadolap,405,False,2026-03-08T15:23:25.870371,20250712,mont,Lolita Lempicka,S/M Beden,S/M Beden,Yeni & Etiketli,3,True,False,False,3,Premium,1.75,0.0,1,1
https://dolap.com/urun/lolita-lempicka-beyaz-pantolon-az-kullanilmis-unutmadolap-445578985,445578985,mont,,Lolita Lempicka - XS / 34 Beden,Lolita Lempicka Beyaz Pantolon Az Kullanılmış Online Satın Al,850.0,,False,Az Kullanılmış,Beyaz,,Lolita Lempicka Beyaz Pantolon Az Kullanılmış Online Satın Al,61,9,8,17,0,Ücretsiz Kargo,False,unutmadolap,405,False,2026-03-08T15:23:29.711876,20250712,mont,Lolita Lempicka,XS / 34 Beden,XS / 34 Beden,Az Kullanılmış,1,True,False,False,3,Premium,2.125,0.0,1,1
https://dolap.com/urun/lolita-lempicka-kirmizi-etek-az-kullanilmis-unutmadolap-445611278,445611278,mont,,Lolita Lempicka - Tek Ebat Beden,Lolita Lempicka Kırmızı Etek Az Kullanılmış Online Satın Al,500.0,,False,Az Kullanılmış,Kırmızı,,Lolita Lempicka Kırmızı Etek Az Kullanılmış Online Satın Al,59,9,9,21,0,Ücretsiz Kargo,False,unutmadolap,405,False,2026-03-08T15:23:34.056757,20250712,mont,Lolita Lempicka,Tek Ebat Beden,Tek Ebat Beden,Az Kullanılmış,1,True,False,False,3,Premium,1.25,0.0,1,1
https://dolap.com/urun/mango-gri-kot-ceket-az-kullanilmis-unutmadolap-445718914,445718914,mont,,Mango - S / 36 Beden,Mango Gri Kot Ceket Az Kullanılmış Online Satın Al,1200.0,,False,Yeni & Etiketli,Gri,,Mango - S / 36 Beden,20,6,9,29,0,Ücretsiz Kargo,False,unutmadolap,405,False,2026-03-08T15:23:37.358667,20250712,mont,Mango,S / 36 Beden,S / 36 Beden,Yeni & Etiketli,3,False,False,False,2,Mid-Range,3.0,0.0,1,1
https://dolap.com/urun/dolce-gabbana-beyaz-pantolon-az-kullanilmis-unutmadolap-354140320,354140320,mont,,Dolce & Gabbana - XS / 34 Beden,Dolce & Gabbana Beyaz Pantolon Az Kullanılmış Online Satın Al,1200.0,,False,Az Kullanılmış,Beyaz,,Dolce & Gabbana Beyaz Pantolon Az Kullanılmış Online Satın Al,61,10,9,68,0,Ücretsiz Kargo,False,unutmadolap,405,False,2026-03-08T15:23:41.559627,20250712,mont,Dolce & Gabbana,XS / 34 Beden,XS / 34 Beden,Az Kullanılmış,1,True,False,False,4,Luxury,3.0,0.0,1,1
https://dolap.com/urun/lolita-lempicka-pembe-gomlek-az-kullanilmis-unutmadolap-354222139,354222139,mont,,Lolita Lempicka - S / 36 Beden,Lolita Lempicka Pembe Gömlek Az Kullanılmış Online Satın Al,550.0,,False,Yeni & Etiketli,Pembe,,Lolita Lempicka Pembe Gömlek Az Kullanılmış Online Satın Al,59,9,9,79,0,Ücretsiz Kargo,False,unutmadolap,405,False,2026-03-08T15:23:44.773631,20250712,mont,Lolita Lempicka,S / 36 Beden,S / 36 Beden,Yeni & Etiketli,3,True,False,False,3,Premium,1.375,0.0,1,1
https://dolap.com/urun/hell-klar-puantiye-gunluk-elbise-az-kullanilmis-unutmadolap-354818937,354818937,mont,,Hell Klar - S / 36 Beden,Hell Klar Puantiye Günlük Elbise Az Kullanılmış Online Satın Al,249.0,,False,Az Kullanılmış,Puantiye,PAYLA,Hell Klar Puantiye Günlük Elbise Az Kullanılmış Online Satın Al,63,10,8,23,0,Alıcı Ödemeli Kargo,True,unutmadolap,405,False,2026-03-08T15:23:49.567326,20250712,mont,Hell Klar,S / 36 Beden,PAYLA,Az Kullanılmış,1,True,False,False,1,Economy,0.622,0.0,2,1
https://dolap.com/urun/topshop-bej-bustiyer-az-kullanilmis-unutmadolap-357741715,357741715,mont,,Topshop - S / 36 Beden,Topshop Bej Büstiyer Az Kullanılmış Online Satın Al,550.0,,False,Yeni & Etiketli,Bej,,Topshop - S / 36 Beden,22,6,9,24,0,Ücretsiz Kargo,False,unutmadolap,405,False,2026-03-08T15:23:52.745211,20250712,mont,Topshop,S / 36 Beden,S / 36 Beden,Yeni & Etiketli,3,False,False,False,2,Mid-Range,1.375,0.0,1,1
https://dolap.com/urun/lolita-lempicka-mavi-sort-bermuda-az-kullanilmis-unutmadolap-399436327,399436327,mont,,Lolita Lempicka - 30 Beden,Lolita Lempicka Mavi Şort & Bermuda Az Kullanılmış Online Satın Al,400.0,,False,Az Kullanılmış,Mavi,,Lolita Lempicka - 30 Beden,26,5,9,14,0,Ücretsiz Kargo,False,unutmadolap,405,False,2026-03-08T15:23:56.349459,20250712,mont,Lolita Lempicka,30 Beden,30 Beden,Az Kullanılmış,1,False,False,False,3,Premium,1.0,0.0,1,0
https://dolap.com/urun/dolce-gabbana-beyaz-pantolon-az-kullanilmis-unutmadolap-407230657,407230657,mont,,Dolce & Gabbana - XS / 34 Beden,Dolce & Gabbana Beyaz Pantolon Az Kullanılmış Online Satın Al,1200.0,,False,Az Kullanılmış,Beyaz,,Dolce & Gabbana Beyaz Pantolon Az Kullanılmış Online Satın Al,61,10,9,26,0,Ücretsiz Kargo,False,unutmadolap,405,False,2026-03-08T15:23:59.228835,20250712,mont,Dolce & Gabbana,XS / 34 Beden,XS / 34 Beden,Az Kullanılmış,1,True,False,False,4,Luxury,3.0,0.0,1,1
https://dolap.com/urun/lolita-lempicka-gumus-blazer-ceket-az-kullanilmis-unutmadolap-442735240,442735240,mont,,Lolita Lempicka - XS/S Beden,Lolita Lempicka Gümüş Blazer / Ceket Az Kullanılmış Online Satın Al,225.0,,False,Az Kullanılmış,Gümüş,PAYLA,Lolita Lempicka - XS/S Beden,28,5,9,23,0,Alıcı Ödemeli Kargo,True,unutmadolap,405,False,2026-03-08T15:24:02.293764,20250712,mont,Lolita Lempicka,XS/S Beden,PAYLA,Az Kullanılmış,1,False,False,False,3,Premium,0.562,0.0,2,1
https://dolap.com/urun/zara-kahverengi-body-yeni-unutmadolap-445196333,445196333,mont,,Zara - XS/S Beden,Zara Kahverengi Body Yeni Online Satın Al,550.0,,False,Yeni,Kahverengi,,Zara Kahverengi Body Yeni Online Satın Al,41,7,8,34,0,Ücretsiz Kargo,False,unutmadolap,405,False,2026-03-08T15:24:06.026913,20250712,mont,Zara,XS/S Beden,XS/S Beden,Yeni,2,True,False,False,2,Mid-Range,1.375,0.0,1,1
https://dolap.com/urun/lolita-lempicka-siyah-bluz-yeni-unutmadolap-441372403,441372403,mont,,Lolita Lempicka - S / 36 Beden,Lolita Lempicka Siyah Bluz Yeni Online Satın Al,450.0,,False,Yeni & Etiketli,Siyah,,Lolita Lempicka Siyah Bluz Yeni Online Satın Al,47,8,9,16,0,Ücretsiz Kargo,False,unutmadolap,405,False,2026-03-08T15:24:08.796208,20250712,mont,Lolita Lempicka,S / 36 Beden,S / 36 Beden,Yeni & Etiketli,3,True,False,False,3,Premium,1.125,0.0,1,1
https://dolap.com/urun/american-vintage-mavi-gunluk-elbise-az-kullanilmis-unutmadolap-354074065,354074065,mont,,American Vintage - L / 40 Beden,American Vintage Mavi Günlük Elbise Az Kullanılmış Online Satın Al,550.0,,False,Az Kullanılmış,Mavi,,American Vintage Mavi Günlük Elbise Az Kullanılmış Online Satın Al,66,10,9,26,0,Ücretsiz Kargo,False,unutmadolap,405,False,2026-03-08T15:24:12.298345,20250712,mont,American Vintage,L / 40 Beden,L / 40 Beden,Az Kullanılmış,1,True,False,False,3,Premium,1.375,0.0,1,1
https://dolap.com/urun/morgan-siyah-gece-elbisesi-az-kullanilmis-unutmadolap-398759806,398759806,mont,,Morgan - S / 36 Beden,Morgan Siyah Gece Elbisesi Az Kullanılmış Online Satın Al,400.0,,False,Az Kullanılmış,Siyah,,Morgan Siyah Gece Elbisesi Az Kullanılmış Online Satın Al,57,9,9,15,0,Ücretsiz Kargo,False,unutmadolap,405,False,2026-03-08T15:24:16.178925,20250712,mont,Morgan,S / 36 Beden,S / 36 Beden,Az Kullanılmış,1,True,False,False,2,Mid-Range,1.0,0.0,1,0
https://dolap.com/urun/lolita-lempicka-leopar-bustiyer-yeni-unutmadolap-445196542,445196542,mont,,Lolita Lempicka - M/L Beden,Lolita Lempicka Leopar Büstiyer Yeni Online Satın Al,600.0,,False,Yeni,Leopar,,Lolita Lempicka Leopar Büstiyer Yeni Online Satın Al,52,8,9,24,0,Ücretsiz Kargo,False,unutmadolap,405,False,2026-03-08T15:24:18.883858,20250712,mont,Lolita Lempicka,M/L Beden,M/L Beden,Yeni,2,True,False,False,3,Premium,1.5,0.0,1,1
https://dolap.com/urun/lolita-lempicka-siyah-salopet-tulum-az-kullanilmis-unutmadolap-327157826,327157826,mont,,Lolita Lempicka - S / 36 Beden,Lolita Lempicka Siyah Salopet & Tulum Az Kullanılmış Online Satın Al,650.0,,False,Az Kullanılmış,Siyah,,Lolita Lempicka - S / 36 Beden,30,7,9,40,0,Ücretsiz Kargo,False,unutmadolap,405,False,2026-03-08T15:24:22.159002,20250712,mont,Lolita Lempicka,S / 36 Beden,S / 36 Beden,Az Kullanılmış,1,False,False,False,3,Premium,1.625,0.0,1,1
https://dolap.com/urun/lolita-lempicka-siyah-salopet-tulum-az-kullanilmis-unutmadolap-445197054,445197054,mont,,Lolita Lempicka - XS/S Beden,Lolita Lempicka Siyah Salopet & Tulum Az Kullanılmış Online Satın Al,650.0,,False,Az Kullanılmış,Siyah,,Lolita Lempicka - XS/S Beden,28,5,9,24,0,Ücretsiz Kargo,False,unutmadolap,405,False,2026-03-08T15:24:26.141398,20250712,mont,Lolita Lempicka,XS/S Beden,XS/S Beden,Az Kullanılmış,1,False,False,False,3,Premium,1.625,0.0,1,1
https://dolap.com/urun/zara-beyaz-body-yeni-unutmadolap-445196279,445196279,mont,,Zara - XS/S Beden,Zara Beyaz Body Yeni Online Satın Al,500.0,,False,Yeni,Beyaz,,Zara Beyaz Body Yeni Online Satın Al,36,7,9,31,0,Ücretsiz Kargo,False,unutmadolap,405,False,2026-03-08T15:24:29.314733,20250712,mont,Zara,XS/S Beden,XS/S Beden,Yeni,2,True,False,False,2,Mid-Range,1.25,0.0,1,1
https://dolap.com/urun/zara-siyah-body-yeni-unutmadolap-445195989,445195989,mont,,Zara - XS/S Beden,Zara Siyah Body Yeni Online Satın Al,550.0,,False,Yeni,Siyah,,Zara Siyah Body Yeni Online Satın Al,36,7,7,32,0,Ücretsiz Kargo,False,unutmadolap,405,False,2026-03-08T15:24:31.654767,20250712,mont,Zara,XS/S Beden,XS/S Beden,Yeni,2,True,False,False,2,Mid-Range,1.375,0.0,1,1
https://dolap.com/urun/lolita-lempicka-bej-kaban-az-kullanilmis-unutmadolap-445119836,445119836,mont,,Lolita Lempicka - S/M Beden,Lolita Lempicka Bej Kaban Az Kullanılmış Online Satın Al,600.0,,False,Az Kullanılmış,Bej,,Lolita Lempicka - S/M Beden,27,5,8,22,0,Ücretsiz Kargo,False,unutmadolap,405,False,2026-03-08T15:24:35.295358,20250712,mont,Lolita Lempicka,S/M Beden,S/M Beden,Az Kullanılmış,1,False,False,False,3,Premium,1.5,0.0,1,1
https://dolap.com/urun/lolita-lempicka-bej-gunluk-elbise-az-kullanilmis-unutmadolap-445121164,445121164,mont,,Lolita Lempicka - XS/S Beden,Lolita Lempicka Bej Günlük Elbise Az Kullanılmış Online Satın Al,750.0,,False,Az Kullanılmış,Bej,,Lolita Lempicka Bej Günlük Elbise Az Kullanılmış Online Satın Al,64,10,8,21,0,Ücretsiz Kargo,False,unutmadolap,405,False,2026-03-08T15:24:38.955359,20250712,mont,Lolita Lempicka,XS/S Beden,XS/S Beden,Az Kullanılmış,1,True,False,False,3,Premium,1.875,0.0,1,1
https://dolap.com/urun/lolita-lempicka-bej-gunluk-elbise-az-kullanilmis-unutmadolap-292252264,292252264,mont,,Lolita Lempicka - S / 36 Beden,Lolita Lempicka Bej Günlük Elbise Az Kullanılmış Online Satın Al,750.0,,False,Yeni & Etiketli,Bej,,Lolita Lempicka Bej Günlük Elbise Az Kullanılmış Online Satın Al,64,10,9,30,0,Ücretsiz Kargo,False,unutmadolap,405,False,2026-03-08T15:24:44.586987,20250712,mont,Lolita Lempicka,S / 36 Beden,S / 36 Beden,Yeni & Etiketli,3,True,False,False,3,Premium,1.875,0.0,1,1
https://dolap.com/urun/diger-cok-renkli-dekoratif-aksesuar-az-kullanilmis-unutmadolap-199452344,199452344,mont,,Diğer,Diğer Çok Renkli Dekoratif Aksesuar Az Kullanılmış Online Satın Al,210.0,,False,Az Kullanılmış,Çok Renkli,,Diğer Çok Renkli Dekoratif Aksesuar Az Kullanılmış Online Satın Al,66,10,8,33,0,Alıcı Ödemeli Kargo,True,unutmadolap,405,False,2026-03-08T15:24:48.729754,20250712,mont,Diğer,,,Az Kullanılmış,1,True,False,False,0,Budget,0.525,0.0,2,1
https://dolap.com/urun/barbie-pembe-sirt-cantasi-az-kullanilmis-unutmadolap-307046468,307046468,mont,,Barbie - Tek Ebat Beden,Barbie Pembe Sırt Çantası Az Kullanılmış Online Satın Al,700.0,,False,Az Kullanılmış,Pembe,,Barbie Pembe Sırt Çantası Az Kullanılmış Online Satın Al,56,9,9,21,0,Ücretsiz Kargo,False,unutmadolap,405,False,2026-03-08T15:24:52.233931,20250712,mont,Barbie,Tek Ebat Beden,Tek Ebat Beden,Az Kullanılmış,1,True,False,False,3,Premium,1.75,0.0,1,1
https://dolap.com/urun/beymen-club-siyah-klasik-ayakkabi-az-kullanilmis-conbez-445887311,445887311,mont,,Beymen Club - 44 Numara,Beymen Club Siyah Klasik Ayakkabı Az Kullanılmış Online Satın Al,500.0,3500.0,True,Yeni & Etiketli,Siyah,,Beymen Club Siyah Klasik Ayakkabı Az Kullanılmış Online Satın Al,64,10,6,4,0,Ücretsiz Kargo,False,conbez,14,False,2026-03-08T15:24:57.042025,20250712,mont,Beymen Club,44 Numara,44 Numara,Yeni & Etiketli,3,True,False,False,3,Premium,1.25,85.7,0,0
https://dolap.com/urun/network-gri-pantolon-az-kullanilmis-conbez-445884236,445884236,mont,,Network - 30 Beden,Network Gri Pantolon Az Kullanılmış Online Satın Al,550.0,2000.0,True,Yeni & Etiketli,Gri,,Network Gri Pantolon Az Kullanılmış Online Satın Al,51,8,7,2,0,Ücretsiz Kargo,False,conbez,14,False,2026-03-08T15:25:01.254143,20250712,mont,Network,30 Beden,30 Beden,Yeni & Etiketli,3,True,False,False,3,Premium,1.375,72.5,0,0
https://dolap.com/urun/mango-bej-pantolon-az-kullanilmis-conbez-445884250,445884250,mont,,Mango - 31 Beden,Mango Bej Pantolon Az Kullanılmış Online Satın Al,400.0,1500.0,True,Az Kullanılmış,Bej,,Mango Bej Pantolon Az Kullanılmış Online Satın Al,49,8,5,0,0,Ücretsiz Kargo,False,conbez,14,False,2026-03-08T15:25:03.892167,20250712,mont,Mango,31 Beden,31 Beden,Az Kullanılmış,1,True,False,False,2,Mid-Range,1.0,73.3,1,0
https://dolap.com/urun/versace-siyah-jeans-az-kullanilmis-conbez-445883869,445883869,mont,,Versace - 32 Beden,Versace Siyah Jeans Az Kullanılmış Online Satın Al,350.0,5000.0,True,Az Kullanılmış,Siyah,,"Klasik kesim, siyah kot pantolon. Günlük kullanım için ideal.",61,9,5,0,0,Ücretsiz Kargo,False,conbez,14,False,2026-03-08T15:25:08.548410,20250712,mont,Versace,32 Beden,32 Beden,Az Kullanılmış,1,False,False,False,2,Mid-Range,0.875,93.0,1,0
https://dolap.com/urun/scotch-soda-gri-jeans-yeni-conbez-445881173,445881173,mont,,Scotch & Soda - 33 Beden,Scotch & Soda Gri Jeans Yeni Online Satın Al,800.0,3500.0,True,Yeni & Etiketli,Gri,,Scotch & Soda Gri Jeans Yeni Online Satın Al,44,9,6,0,0,Ücretsiz Kargo,False,conbez,14,False,2026-03-08T15:25:12.794108,20250712,mont,Scotch & Soda,33 Beden,33 Beden,Yeni & Etiketli,3,True,False,False,4,Luxury,2.0,77.1,0,0
https://dolap.com/urun/academia-mavi-jeans-az-kullanilmis-conbez-445880783,445880783,mont,,Academia - 32 Beden,Academia Mavi Jeans Az Kullanılmış Online Satın Al,550.0,3000.0,True,Az Kullanılmış,Mavi,,"Klasik kesim, açık mavi renkte jean pantolon. Günlük kullanıma uygun, rahat bir modeldir. Cep detayları mevcuttur.",114,16,6,1,0,Ücretsiz Kargo,False,conbez,14,False,2026-03-08T15:25:15.484248,20250712,mont,Academia,32 Beden,32 Beden,Az Kullanılmış,1,False,False,False,3,Premium,1.375,81.7,0,0
https://dolap.com/urun/les-benjamins-siyah-yagmurluk-ruzgarlik-az-kullanilmis-conbez-445865283,445865283,mont,,Les Benjamins - L / 40 Beden,Les Benjamins Siyah Yağmurluk & Rüzgarlık Az Kullanılmış Online Satın Al,1250.0,3500.0,True,Az Kullanılmış,Siyah,,Les Benjamins - L / 40 Beden,28,7,6,1,0,Ücretsiz Kargo,False,conbez,14,False,2026-03-08T15:25:20.408290,20250712,mont,Les Benjamins,L / 40 Beden,L / 40 Beden,Az Kullanılmış,1,False,False,False,4,Luxury,3.125,64.3,0,0
https://dolap.com/urun/nike-cok-renkli-sneaker-az-kullanilmis-conbez-445864581,445864581,mont,,Nike - 46 Numara,Nike Çok Renkli Sneaker Az Kullanılmış Online Satın Al,2250.0,5000.0,True,Az Kullanılmış,Çok Renkli,,Nike Çok Renkli Sneaker Az Kullanılmış Online Satın Al,54,9,6,4,0,Ücretsiz Kargo,False,conbez,14,False,2026-03-08T15:25:23.045871,20250712,mont,Nike,46 Numara,46 Numara,Az Kullanılmış,1,True,False,False,3,Premium,5.625,55.0,0,0
https://dolap.com/urun/zara-bej-bot-bootie-az-kullanilmis-conbez-445863660,445863660,mont,,Zara - 44 Numara,Zara Bej Bot & Bootie Az Kullanılmış Online Satın Al,750.0,1200.0,True,Yeni & Etiketli,Bej,,Zara Bej Bot & Bootie Az Kullanılmış Online Satın Al,52,10,6,0,0,Ücretsiz Kargo,False,conbez,14,False,2026-03-08T15:25:25.839847,20250712,mont,Zara,44 Numara,44 Numara,Yeni & Etiketli,3,True,False,False,2,Mid-Range,1.875,37.5,0,0
https://dolap.com/urun/1000lake-cok-renkli-sneaker-az-kullanilmis-conbez-445744772,445744772,mont,,1000LAKE - 41 Numara,1000LAKE Çok Renkli Sneaker Az Kullanılmış Online Satın Al,1500.0,3500.0,True,Yeni & Etiketli,Çok Renkli,,1000LAKE Çok Renkli Sneaker Az Kullanılmış Online Satın Al,58,9,6,0,0,Ücretsiz Kargo,False,conbez,14,False,2026-03-08T15:25:28.708929,20250712,mont,1000LAKE,41 Numara,41 Numara,Yeni & Etiketli,3,True,False,False,4,Luxury,3.75,57.1,0,0
https://dolap.com/urun/network-siyah-klasik-ayakkabi-az-kullanilmis-conbez-445744319,445744319,mont,,Network - 44 Numara,Network Siyah Klasik Ayakkabı Az Kullanılmış Online Satın Al,950.0,3500.0,True,Yeni & Etiketli,Siyah,,Network Siyah Klasik Ayakkabı Az Kullanılmış Online Satın Al,60,9,8,3,0,Ücretsiz Kargo,False,conbez,14,False,2026-03-08T15:25:33.627094,20250712,mont,Network,44 Numara,44 Numara,Yeni & Etiketli,3,True,False,False,3,Premium,2.375,72.9,0,0
https://dolap.com/urun/merrell-beyaz-hediyelikler-yeni-etiketli-conbez-445249647,445249647,mont,,Merrell,Merrell Beyaz Hediyelikler Yeni & Etiketli Online Satın Al,2700.0,4500.0,True,Yeni ve Etiketli,Beyaz,,Merrell Beyaz Hediyelikler Yeni & Etiketli Online Satın Al,58,9,8,2,0,Ücretsiz Kargo,False,conbez,14,False,2026-03-08T15:25:37.881801,20250712,mont,Merrell,,,Yeni & Etiketli,3,True,False,False,4,Luxury,6.75,40.0,0,0
https://dolap.com/urun/h-m-siyah-t-shirt-az-kullanilmis-conbez-445617574,445617574,mont,,H&M - M / 38 Beden,H&M Siyah T-Shirt Az Kullanılmış Online Satın Al,650.0,1000.0,True,Az Kullanılmış,Siyah,,,0,0,5,2,0,Ücretsiz Kargo,False,conbez,14,False,2026-03-08T15:25:40.874687,20250712,mont,H&M,M / 38 Beden,M / 38 Beden,Az Kullanılmış,1,True,False,False,1,Economy,1.625,35.0,0,0
https://dolap.com/urun/h-m-siyah-t-shirt-az-kullanilmis-conbez-445617183,445617183,mont,,H&M - M / 38 Beden,H&M Siyah T-Shirt Az Kullanılmış Online Satın Al,650.0,1000.0,True,Az Kullanılmış,Siyah,,"Siyah renkte, önünde Fender logosu ve kartal baskısı bulunan, kısa kollu erkek tişört. Günlük kullanım için ideal ve rahat bir tasarıma sahiptir.",145,22,5,3,0,Ücretsiz Kargo,False,conbez,14,False,2026-03-08T15:25:44.091980,20250712,mont,H&M,M / 38 Beden,M / 38 Beden,Az Kullanılmış,1,False,False,False,1,Economy,1.625,35.0,0,0
https://dolap.com/urun/quiksilver-yesil-t-shirt-az-kullanilmis-conbez-445333739,445333739,mont,,Quiksilver - L / 40 Beden,Quiksilver Yeşil T-Shirt Az Kullanılmış Online Satın Al,300.0,1000.0,True,Yeni & Etiketli,Yeşil,,Quiksilver - L / 40 Beden,25,6,6,1,0,Ücretsiz Kargo,False,conbez,14,False,2026-03-08T15:25:47.107179,20250712,mont,Quiksilver,L / 40 Beden,L / 40 Beden,Yeni & Etiketli,3,False,False,False,1,Economy,0.75,70.0,1,0
https://dolap.com/urun/vakkorama-gri-pantolon-az-kullanilmis-conbez-445610305,445610305,mont,,Vakkorama - 32 Beden,Vakkorama Gri Pantolon Az Kullanılmış Online Satın Al,500.0,2500.0,True,Yeni & Etiketli,Gri,,Vakkorama Gri Pantolon Az Kullanılmış Online Satın Al,53,8,8,1,0,Ücretsiz Kargo,False,conbez,14,False,2026-03-08T15:25:51.571806,20250712,mont,Vakkorama,32 Beden,32 Beden,Yeni & Etiketli,3,True,False,False,3,Premium,1.25,80.0,0,0
https://dolap.com/urun/gap-haki-suveter-az-kullanilmis-conbez-445581545,445581545,mont,,GAP - M / 38 Beden,GAP Haki Süveter Az Kullanılmış Online Satın Al,600.0,2200.0,True,Az Kullanılmış,Haki,,"GAP markasına ait V yaka, siyah renkli süveter. Temel giyim dolaplarının vazgeçilmez bir parçasıdır.",100,14,4,0,0,Ücretsiz Kargo,False,conbez,14,False,2026-03-08T15:25:55.426819,20250712,mont,GAP,M / 38 Beden,M / 38 Beden,Az Kullanılmış,1,False,False,False,3,Premium,1.5,72.7,0,0
https://dolap.com/urun/gap-bordo-kazak-az-kullanilmis-conbez-445581655,445581655,mont,,GAP - M / 38 Beden,GAP Bordo Kazak Az Kullanılmış Online Satın Al,600.0,2200.0,True,Yeni & Etiketli,Bordo,,GAP Bordo Kazak Az Kullanılmış Online Satın Al,46,8,4,0,0,Ücretsiz Kargo,False,conbez,14,False,2026-03-08T15:25:59.206093,20250712,mont,GAP,M / 38 Beden,M / 38 Beden,Yeni & Etiketli,3,True,False,False,3,Premium,1.5,72.7,0,0
https://dolap.com/urun/amiparis-siyah-sneaker-az-kullanilmis-conbez-445272335,445272335,mont,,Amiparis - 45 Numara,Amiparis Siyah Sneaker Az Kullanılmış Online Satın Al,12000.0,25000.0,True,Yeni & Etiketli,Siyah,,"Klasik siyah sneaker ayakkabı, rahat ve günlük kullanım için idealdir. Bağcıklı tasarımı ile her tarza uyum sağlar.",115,17,8,2,0,Ücretsiz Kargo,False,conbez,14,False,2026-03-08T15:26:03.091238,20250712,mont,Amiparis,45 Numara,45 Numara,Yeni & Etiketli,3,False,False,False,4,Luxury,30.0,52.0,0,0
https://dolap.com/urun/balea-krem-sweatshirt-az-kullanilmis-conbez-445573933,445573933,mont,,Balea - M / 38 Beden,Balea Krem Sweatshirt Az Kullanılmış Online Satın Al,400.0,1250.0,True,Az Kullanılmış,Krem,,Balea Krem Sweatshirt Az Kullanılmış Online Satın Al,52,8,4,0,0,Ücretsiz Kargo,False,conbez,14,False,2026-03-08T15:26:08.872560,20250712,mont,Balea,M / 38 Beden,M / 38 Beden,Az Kullanılmış,1,True,False,False,2,Mid-Range,1.0,68.0,1,0
https://dolap.com/urun/all-saints-yesil-t-shirt-az-kullanilmis-conbez-445573677,445573677,mont,,All Saints - L / 40 Beden,All Saints Yeşil T-Shirt Az Kullanılmış Online Satın Al,450.0,1250.0,True,Yeni & Etiketli,Yeşil,,All Saints - L / 40 Beden,25,7,6,0,0,Ücretsiz Kargo,False,conbez,14,False,2026-03-08T15:26:12.493660,20250712,mont,All Saints,L / 40 Beden,L / 40 Beden,Yeni & Etiketli,3,False,False,False,2,Mid-Range,1.125,64.0,0,0
https://dolap.com/urun/angels-never-die-lacivert-t-shirt-az-kullanilmis-conbez-445570729,445570729,mont,,Angels Never Die - M / 38 Beden,Angels Never Die Lacivert T-Shirt Az Kullanılmış Online Satın Al,200.0,1000.0,True,Az Kullanılmış,Lacivert,PAYLA,Angels Never Die - M / 38 Beden,31,8,6,2,0,Alıcı Ödemeli Kargo,True,conbez,14,False,2026-03-08T15:26:15.866407,20250712,mont,Angels Never Die,M / 38 Beden,PAYLA,Az Kullanılmış,1,False,False,False,1,Economy,0.5,80.0,1,0
https://dolap.com/urun/gant-beyaz-t-shirt-az-kullanilmis-conbez-445570323,445570323,mont,,Gant - L / 40 Beden,Gant Beyaz T-Shirt Az Kullanılmış Online Satın Al,500.0,1250.0,True,Yeni & Etiketli,Beyaz,,,0,0,6,2,0,Ücretsiz Kargo,False,conbez,14,False,2026-03-08T15:26:19.287302,20250712,mont,Gant,L / 40 Beden,L / 40 Beden,Yeni & Etiketli,3,True,False,False,3,Premium,1.25,60.0,0,0
https://dolap.com/urun/nike-beyaz-t-shirt-az-kullanilmis-conbez-445569997,445569997,mont,,Nike - M / 38 Beden,Nike Beyaz T-Shirt Az Kullanılmış Online Satın Al,450.0,1750.0,True,Az Kullanılmış,Beyaz,,nike slim fit tshirt,20,4,6,0,0,Ücretsiz Kargo,False,conbez,14,False,2026-03-08T15:26:21.894327,20250712,mont,Nike,M / 38 Beden,M / 38 Beden,Az Kullanılmış,1,False,False,False,3,Premium,1.125,74.3,0,0
https://dolap.com/urun/vans-beyaz-t-shirt-az-kullanilmis-conbez-445569826,445569826,mont,,Vans - L / 40 Beden,Vans Beyaz T-Shirt Az Kullanılmış Online Satın Al,400.0,1250.0,True,Az Kullanılmış,Beyaz,,,0,0,6,5,0,Ücretsiz Kargo,False,conbez,14,False,2026-03-08T15:26:26.873304,20250712,mont,Vans,L / 40 Beden,L / 40 Beden,Az Kullanılmış,1,True,False,False,2,Mid-Range,1.0,68.0,1,0
https://dolap.com/urun/vans-beyaz-t-shirt-az-kullanilmis-conbez-445569763,445569763,mont,,Vans - XL / 42 Beden,Vans Beyaz T-Shirt Az Kullanılmış Online Satın Al,300.0,1250.0,True,Yeni & Etiketli,Beyaz,,Vans - XL / 42 Beden,20,6,7,8,0,Ücretsiz Kargo,False,conbez,14,False,2026-03-08T15:26:31.041621,20250712,mont,Vans,XL / 42 Beden,XL / 42 Beden,Yeni & Etiketli,3,False,False,False,2,Mid-Range,0.75,76.0,1,0
https://dolap.com/urun/vans-beyaz-t-shirt-az-kullanilmis-conbez-445569384,445569384,mont,,Vans - L / 40 Beden,Vans Beyaz T-Shirt Az Kullanılmış Online Satın Al,400.0,1250.0,True,Yeni & Etiketli,Beyaz,,"Vans markalı, bisiklet yakalı, kısa kollu, beyaz renkli tişört. Üzerinde yeşil beyin ve ampul figürleri ile Vans logosu baskısı bulunmaktadır. Günlük kullanıma uygun rahat bir kesime sahiptir.",192,27,6,0,0,Ücretsiz Kargo,False,conbez,14,False,2026-03-08T15:26:34.599924,20250712,mont,Vans,L / 40 Beden,L / 40 Beden,Yeni & Etiketli,3,False,False,False,2,Mid-Range,1.0,68.0,1,0
https://dolap.com/urun/wwf-sari-t-shirt-az-kullanilmis-conbez-445569245,445569245,mont,,WWF - M / 38 Beden,WWF Sarı T-Shirt Az Kullanılmış Online Satın Al,400.0,1500.0,True,Yeni & Etiketli,Sarı,,,0,0,6,3,0,Ücretsiz Kargo,False,conbez,14,False,2026-03-08T15:26:38.251607,20250712,mont,WWF,M / 38 Beden,M / 38 Beden,Yeni & Etiketli,3,True,False,False,2,Mid-Range,1.0,73.3,1,0
https://dolap.com/urun/nike-beyaz-t-shirt-az-kullanilmis-conbez-445569034,445569034,mont,,Nike - L / 40 Beden,Nike Beyaz T-Shirt Az Kullanılmış Online Satın Al,500.0,1500.0,True,Yeni & Etiketli,Beyaz,,,0,0,5,0,0,Ücretsiz Kargo,False,conbez,14,False,2026-03-08T15:26:42.145068,20250712,mont,Nike,L / 40 Beden,L / 40 Beden,Yeni & Etiketli,3,True,False,False,3,Premium,1.25,66.7,0,0
https://dolap.com/urun/h-m-siyah-t-shirt-az-kullanilmis-conbez-445569055,445569055,mont,,H&M - XL / 42 Beden,H&M Siyah T-Shirt Az Kullanılmış Online Satın Al,350.0,950.0,True,Yeni & Etiketli,Siyah,,,0,0,5,3,0,Ücretsiz Kargo,False,conbez,14,False,2026-03-08T15:26:46.323969,20250712,mont,H&M,XL / 42 Beden,XL / 42 Beden,Yeni & Etiketli,3,True,False,False,1,Economy,0.875,63.2,1,0
https://dolap.com/urun/all-saints-beyaz-t-shirt-az-kullanilmis-conbez-445568542,445568542,mont,,All Saints - XL / 42 Beden,All Saints Beyaz T-Shirt Az Kullanılmış Online Satın Al,400.0,1250.0,True,Yeni & Etiketli,Beyaz,,All Saints - XL / 42 Beden,26,7,5,3,0,Ücretsiz Kargo,False,conbez,14,False,2026-03-08T15:26:49.124259,20250712,mont,All Saints,XL / 42 Beden,XL / 42 Beden,Yeni & Etiketli,3,False,False,False,2,Mid-Range,1.0,68.0,1,0
https://dolap.com/urun/smafolk-beyaz-t-shirt-az-kullanilmis-conbez-445568511,445568511,mont,,Smafolk - L / 40 Beden,Smafolk Beyaz T-Shirt Az Kullanılmış Online Satın Al,400.0,1000.0,True,Az Kullanılmış,Beyaz,,Smafolk - L / 40 Beden,22,6,6,2,0,Ücretsiz Kargo,False,conbez,14,False,2026-03-08T15:26:53.106287,20250712,mont,Smafolk,L / 40 Beden,L / 40 Beden,Az Kullanılmış,1,False,False,False,2,Mid-Range,1.0,60.0,1,0
https://dolap.com/urun/superdry-beyaz-t-shirt-az-kullanilmis-conbez-445568222,445568222,mont,,Superdry - L / 40 Beden,Superdry Beyaz T-Shirt Az Kullanılmış Online Satın Al,300.0,1200.0,True,Yeni & Etiketli,Beyaz,,Superdry - L / 40 Beden,23,6,6,0,0,Ücretsiz Kargo,False,conbez,14,False,2026-03-08T15:26:56.904240,20250712,mont,Superdry,L / 40 Beden,L / 40 Beden,Yeni & Etiketli,3,False,False,False,1,Economy,0.75,75.0,1,0
https://dolap.com/urun/les-benjamins-siyah-t-shirt-az-kullanilmis-conbez-445567942,445567942,mont,,Les Benjamins - XS / 34 Beden,Les Benjamins Siyah T-Shirt Az Kullanılmış Online Satın Al,450.0,1500.0,True,Az Kullanılmış,Siyah,,Les Benjamins - XS / 34 Beden,29,7,5,1,0,Ücretsiz Kargo,False,conbez,14,False,2026-03-08T15:26:59.827842,20250712,mont,Les Benjamins,XS / 34 Beden,XS / 34 Beden,Az Kullanılmış,1,False,False,False,4,Luxury,1.125,70.0,0,0
https://dolap.com/urun/superdry-sari-t-shirt-az-kullanilmis-conbez-445567728,445567728,mont,,Superdry - XL / 42 Beden,Superdry Sarı T-Shirt Az Kullanılmış Online Satın Al,300.0,1200.0,True,Yeni & Etiketli,Sarı,,Superdry - XL / 42 Beden,24,6,7,1,0,Ücretsiz Kargo,False,conbez,14,False,2026-03-08T15:27:04.250071,20250712,mont,Superdry,XL / 42 Beden,XL / 42 Beden,Yeni & Etiketli,3,False,False,False,1,Economy,0.75,75.0,1,0
https://dolap.com/urun/wwf-turuncu-t-shirt-az-kullanilmis-conbez-445567610,445567610,mont,,WWF - M / 38 Beden,WWF Turuncu T-Shirt Az Kullanılmış Online Satın Al,450.0,1500.0,True,Az Kullanılmış,Turuncu,,,0,0,6,2,0,Ücretsiz Kargo,False,conbez,14,False,2026-03-08T15:27:07.360798,20250712,mont,WWF,M / 38 Beden,M / 38 Beden,Az Kullanılmış,1,True,False,False,2,Mid-Range,1.125,70.0,0,0
